t,drift,quadratic_variation
0,-0.004,1
1,-0.0016,1
2,0.0016,1
3,0.0212,1
4,-0.0336,1
5,0.0096,1
6,0.002,1
7,0.0028,1
8,-0.0012,1
9,0.0092,1
10,-0.0116,1
11,0.0044,1
12,-0.0308,1
13,-0.028,1
14,-0.0076,1
15,-0.0172,1
16,0.0096,1
17,-0.0048,1
18,0.0036,1
19,0.0092,1
20,0.0004,1
21,0.0092,1
22,-0.0044,1
23,0.0028,1
24,0.0032,1
25,-0.0096,1
26,0.002,1
27,-0.0132,1
28,0.0252,1
29,0.0132,1
30,-0.01,1
31,0.038,1
32,-0.004,1
33,-0.0124,1
34,0.0048,1
35,0.0084,1
36,0.0064,1
37,-0.0168,1
38,-0.0044,1
39,-0.0056,1
40,0.02,1
41,-0.0128,1
42,-0.0192,1
43,0.0164,1
44,0.0088,1
45,0.0072,1
46,0.0092,1
47,0.0136,1
48,0,1
49,-0.0076,1
50,-0.0092,1
51,0.004,1
52,0.0012,1
53,0.0004,1
54,-0.0128,1
55,0.0076,1
56,0.0176,1
57,-0.0332,1
58,-0.0076,1
59,-0.0012,1
60,0.012,1
61,-0.0044,1
62,0.0032,1
63,-0.0216,1
64,0.0056,1
65,-0.006,1
66,-0.0084,1
67,-0.0012,1
68,-0.0004,1
69,0.0168,1
70,0.0012,1
71,-0.0068,1
72,0.0052,1
73,-0.0024,1
74,-0.006,1
75,-0.0212,1
76,-0.0108,1
77,0.016,1
78,0.0148,1
79,-0.0044,1
80,-0.0116,1
81,-0.016,1
82,-0.0056,1
83,-0.0096,1
84,0.0116,1
85,-0.016,1
86,0.02,1
87,0.0148,1
88,0.0004,1
89,-0.018,1
90,-0.0032,1
91,0.0064,1
92,0.014,1
93,-0.0076,1
94,-0.0072,1
95,0.0156,1
96,0.0152,1
97,0.0076,1
98,0.0112,1
99,-0.0048,1
100,0.0032,1
101,-0.0188,1
102,0.0096,1
103,-0.0032,1
104,0.0012,1
105,0.0024,1
106,-0.0068,1
107,0.018,1
108,0.0236,1
109,-0.0248,1
110,-0.0064,1
111,0.0072,1
112,-0.0052,1
113,-0.0112,1
114,0.0104,1
115,0.012,1
116,0.01,1
117,-0.0064,1
118,0.0028,1
119,-0.0064,1
120,0.0036,1
121,0.004,1
122,0.012,1
123,-0.0048,1
124,-0.0008,1
125,0.0076,1
126,0.004,1
127,0.0004,1
128,-0.0172,1
129,0.0052,1
130,0.0132,1
131,-0.0088,1
132,-0.0384,1
133,-0.008,1
134,-0.0228,1
135,0.0048,1
136,-0.0112,1
137,-0.0024,1
138,0.0008,1
139,0.0068,1
140,0.026,1
141,-0.0072,1
142,0.0232,1
143,-0.006,1
144,-0.0084,1
145,0.0124,1
146,-0.0092,1
147,-0.0072,1
148,-0.0172,1
149,-0.0088,1
150,-0.0024,1
151,0.0116,1
152,0.0032,1
153,0.03,1
154,-0.0024,1
155,0.0128,1
156,0.0096,1
157,0.0036,1
158,0.026,1
159,-0.002,1
160,-0.0048,1
161,0.026,1
162,0.0068,1
163,0.0216,1
164,0.0252,1
165,-0.008,1
166,0.0148,1
167,0.0032,1
168,-0.0036,1
169,-0.0136,1
170,-0.0116,1
171,0.0048,1
172,0.0096,1
173,0.01,1
174,0.0144,1
175,0.0176,1
176,-0.01,1
177,0.0028,1
178,0.002,1
179,-0.0064,1
180,-0.0056,1
181,0.002,1
182,-0.0004,1
183,-0.0232,1
184,0.018,1
185,0.0216,1
186,-0.0136,1
187,0.0132,1
188,-0.0004,1
189,0.0216,1
190,-0.0132,1
191,-0.0168,1
192,0.0132,1
193,-0.0088,1
194,-0.0076,1
195,-0.0108,1
196,-0.0008,1
197,0.0136,1
198,-0.0152,1
199,-0.0016,1
200,-0.0124,1
201,0.0084,1
202,0.0084,1
203,-0.0012,1
204,0.0024,1
205,-0.0044,1
206,-0.0068,1
207,0.0112,1
208,-0.0096,1
209,-0.0128,1
210,-0.0112,1
211,-0.0016,1
212,0.0076,1
213,0.0332,1
214,0.0096,1
215,0.0084,1
216,-0.0112,1
217,0.0176,1
218,0.0024,1
219,-0.0232,1
220,-0.0016,1
221,0.0052,1
222,0.0016,1
223,-0.018,1
224,0.0256,1
225,0.0012,1
226,-0.0192,1
227,0.0016,1
228,-0.0156,1
229,-0.0248,1
230,-0.0184,1
231,-0.008,1
232,0.0016,1
233,0.01,1
234,-0.0064,1
235,-0.0064,1
236,0.0012,1
237,0.0048,1
238,0.0096,1
239,0.006,1
240,-0.0144,1
241,0.0012,1
242,-0.0068,1
243,0.0116,1
244,0.018,1
245,0.0196,1
246,-0.0032,1
247,-0.0004,1
248,-0.0096,1
249,-0.0008,1
250,0.0088,1
251,0,1
252,0.0256,1
253,-0.0224,1
254,-0.0268,1
255,-0.0048,1
256,0.0228,1
257,0.0148,1
258,0.0008,1
259,-0.0128,1
260,0.0172,1
261,-0.0052,1
262,-0.0168,1
263,-0.012,1
264,-0.0096,1
265,-0.0116,1
266,-0.018,1
267,-0.0056,1
268,0.0004,1
269,0.0116,1
270,0.0116,1
271,-0.0068,1
272,0.0076,1
273,0.0032,1
274,0.0128,1
275,0.0168,1
276,-0.0104,1
277,-0.0028,1
278,-0.0116,1
279,-0.006,1
280,-0.0068,1
281,0.0184,1
282,0.014,1
283,-0.0168,1
284,0.0356,1
285,-0.0004,1
286,0.012,1
287,-0.0128,1
288,-0.0348,1
289,-0.0088,1
290,-0.0228,1
291,-0.0104,1
292,-0.0176,1
293,0.0012,1
294,-0.0076,1
295,0.0028,1
296,0.0088,1
297,-0.014,1
298,-0.0072,1
299,-0.0008,1
300,-0.0068,1
301,-0.0068,1
302,0.0236,1
303,-0.0036,1
304,0.0088,1
305,0.0108,1
306,-0.0012,1
307,0.0076,1
308,-0.0148,1
309,0.016,1
310,0.0152,1
311,-0.0084,1
312,0.0128,1
313,0.0096,1
314,-0.0008,1
315,0.0096,1
316,-0.0048,1
317,-0.0092,1
318,0.008,1
319,-0.0184,1
320,-0.0108,1
321,0.0068,1
322,0.0068,1
323,-0.002,1
324,-0.0192,1
325,-0.0072,1
326,0.0184,1
327,0.0068,1
328,0.006,1
329,0.0128,1
330,0.0008,1
331,0.0212,1
332,-0.0168,1
333,0.004,1
334,-0.01,1
335,0.0012,1
336,0.0224,1
337,0.0076,1
338,0,1
339,0.0192,1
340,0.022,1
341,0.0156,1
342,-0.0108,1
343,0.0124,1
344,0.006,1
345,0.0304,1
346,-0.01,1
347,-0.014,1
348,0.0212,1
349,-0.0072,1
350,-0.0132,1
351,-0.0016,1
352,0.0132,1
353,0.0104,1
354,-0.0092,1
355,-0.0056,1
356,0.0088,1
357,0.0012,1
358,0,1
359,-0.0104,1
360,0.0132,1
361,-0.006,1
362,-0.004,1
363,-0.0172,1
364,0.012,1
365,0.022,1
366,0.0024,1
367,-0.0048,1
368,0.0068,1
369,0.0028,1
370,-0.0264,1
371,-0.0192,1
372,0.0184,1
373,0.004,1
374,0.0016,1
375,0.0096,1
376,0.01,1
377,-0.0028,1
378,-0.0072,1
379,-0.0096,1
380,-0.0036,1
381,-0.0124,1
382,0.0032,1
383,-0.0044,1
384,0.0212,1
385,0.0088,1
386,0.02,1
387,-0.0072,1
388,-0.0076,1
389,0.0132,1
390,0.0092,1
391,0.0024,1
392,-0.0192,1
393,0.012,1
394,-0.0192,1
395,-0.0132,1
396,0.0168,1
397,-0.0036,1
398,0,1
399,-0.0048,1
400,-0.0236,1
401,0.0004,1
402,-0.0008,1
403,0.0328,1
404,0.0068,1
405,-0.0336,1
406,0.014,1
407,0.0244,1
408,-0.0036,1
409,-0.0292,1
410,-0.0072,1
411,-0.004,1
412,-0.004,1
413,0.0152,1
414,0.0488,1
415,-0.0132,1
416,-0.01,1
417,-0.0256,1
418,0.0088,1
419,-0.0076,1
420,0.0048,1
421,-0.0368,1
422,-0.006,1
423,0.002,1
424,0.0012,1
425,0.0072,1
426,-0.02,1
427,-0.0012,1
428,0.0216,1
429,0.0292,1
430,-0.0064,1
431,-0.0004,1
432,0.0036,1
433,-0.0188,1
434,-0.0024,1
435,0.028,1
436,-0.01,1
437,-0.0224,1
438,-0.0016,1
439,-0.0148,1
440,0.0012,1
441,-0.0096,1
442,0.004,1
443,-0.0276,1
444,0.0144,1
445,0.0136,1
446,-0.004,1
447,0.0052,1
448,-0.03,1
449,-0.0064,1
450,-0.0028,1
451,0.0028,1
452,0.0092,1
453,-0.0168,1
454,-0.0236,1
455,-0.0036,1
456,-0.008,1
457,0,1
458,-0.0016,1
459,0.0212,1
460,0.0132,1
461,0.0108,1
462,-0.0208,1
463,0.0232,1
464,0.0212,1
465,0.0144,1
466,-0.0004,1
467,0.0128,1
468,-0.0204,1
469,-0.006,1
470,0.0388,1
471,-0.0044,1
472,-0.0072,1
473,0.0108,1
474,0.0084,1
475,0.0052,1
476,0.0084,1
477,-0.002,1
478,0.0152,1
479,-0.0112,1
480,0.0196,1
481,-0.0048,1
482,-0.0168,1
483,-0.0028,1
484,0.0064,1
485,0.002,1
486,0.046,1
487,0,1
488,0.0112,1
489,-0.0088,1
490,-0.0004,1
491,0.0052,1
492,-0.014,1
493,0.0112,1
494,-0.0068,1
495,0.008,1
496,0.0084,1
497,-0.0052,1
498,-0.0108,1
499,0.0104,1
500,-0.002,1
501,-0.0008,1
502,0.008,1
503,-0.0052,1
504,0.0088,1
505,-0.0036,1
506,-0.0136,1
507,0.0028,1
508,0.0304,1
509,-0.0008,1
510,0.0072,1
511,-0.006,1
512,-0.0336,1
513,-0.004,1
514,-0.0168,1
515,0.002,1
516,-0.018,1
517,-0.0012,1
518,-0.0028,1
519,0.0028,1
520,-0.0044,1
521,0.0204,1
522,-0.0196,1
523,-0.0016,1
524,-0.0204,1
525,0.022,1
526,-0.0196,1
527,0.0128,1
528,-0.032,1
529,-0.0028,1
530,-0.0108,1
531,0.0088,1
532,0.0244,1
533,0.0032,1
534,0.0048,1
535,0,1
536,0.0096,1
537,0.0008,1
538,0.0156,1
539,-0.0016,1
540,-0.0004,1
541,-0.0188,1
542,-0.016,1
543,-0.0172,1
544,0.0024,1
545,-0.0244,1
546,-0.014,1
547,-0.0148,1
548,-0.0008,1
549,-0.0224,1
550,0.0024,1
551,0.0192,1
552,0.006,1
553,0.02,1
554,-0.0232,1
555,0.0044,1
556,-0.0136,1
557,-0.0312,1
558,0.0076,1
559,-0.0076,1
560,-0.0172,1
561,-0.0156,1
562,0.0124,1
563,0.0172,1
564,0.0224,1
565,0.006,1
566,0.0248,1
567,-0.0096,1
568,-0.0168,1
569,0.0004,1
570,-0.0128,1
571,-0.0164,1
572,-0.008,1
573,-0.0092,1
574,-0.0156,1
575,-0.0124,1
576,-0.012,1
577,-0.014,1
578,-0.0056,1
579,-0.0048,1
580,0.0116,1
581,0.0068,1
582,-0.0008,1
583,-0.016,1
584,0.0092,1
585,0.0324,1
586,-0.008,1
587,0.0312,1
588,0.0248,1
589,-0.026,1
590,-0.008,1
591,-0.0312,1
592,-0.0008,1
593,-0.034,1
594,0.0128,1
595,0.0116,1
596,-0.0272,1
597,0.0172,1
598,-0.0092,1
599,0.0008,1
600,0.0012,1
601,0.0048,1
602,0.012,1
603,-0.0196,1
604,0.016,1
605,-0.0072,1
606,-0.0112,1
607,-0.014,1
608,-0.0048,1
609,-0.0176,1
610,0.0012,1
611,-0.0108,1
612,0.0008,1
613,-0.0152,1
614,-0.0048,1
615,-0.0068,1
616,0.01,1
617,0.022,1
618,0.0148,1
619,-0.0012,1
620,-0.0252,1
621,0.0008,1
622,0.0104,1
623,0.002,1
624,0.03,1
625,-0.0092,1
626,0.0156,1
627,-0.0024,1
628,0.0192,1
629,-0.0104,1
630,-0.002,1
631,0.0052,1
632,-0.0084,1
633,0.02,1
634,-0.0008,1
635,0.002,1
636,-0.026,1
637,0.0056,1
638,0.0016,1
639,0.0096,1
640,0.0124,1
641,0,1
642,-0.0064,1
643,0.0092,1
644,0.0072,1
645,0.0072,1
646,0.002,1
647,0.0104,1
648,-0.0076,1
649,-0.022,1
650,0.0072,1
651,0.008,1
652,0.0192,1
653,0.0064,1
654,-0.0024,1
655,0.0208,1
656,0.0516,1
657,0.0036,1
658,-0.0092,1
659,-0.0204,1
660,-0.0016,1
661,0.002,1
662,0.0016,1
663,0.0032,1
664,0.002,1
665,0.0076,1
666,0.0016,1
667,0.0236,1
668,0.0164,1
669,-0.0052,1
670,-0.018,1
671,-0.012,1
672,-0.0088,1
673,0.0072,1
674,0.0068,1
675,-0.0108,1
676,0.0488,1
677,-0.0124,1
678,-0.0144,1
679,0.0268,1
680,-0.032,1
681,-0.0044,1
682,0.0156,1
683,0.0136,1
684,-0.0208,1
685,0.0016,1
686,0.0012,1
687,-0.0296,1
688,-0.0052,1
689,0.0184,1
690,-0.0048,1
691,-0.0088,1
692,0.0084,1
693,0.0004,1
694,0.03,1
695,0.024,1
696,0.0112,1
697,-0.0084,1
698,0.0116,1
699,0.0052,1
700,-0.01,1
701,0.0032,1
702,0.004,1
703,-0.0012,1
704,0,1
705,-0.024,1
706,-0.0088,1
707,-0.0112,1
708,-0.0256,1
709,-0.004,1
710,-0.0192,1
711,0.0104,1
712,0.0064,1
713,-0.0012,1
714,0.0064,1
715,0.014,1
716,-0.008,1
717,0.0012,1
718,0.0184,1
719,0.0044,1
720,0.004,1
721,0.0172,1
722,-0.0088,1
723,-0.0144,1
724,-0.0312,1
725,-0.0144,1
726,0,1
727,0.0068,1
728,-0.0152,1
729,0.0088,1
730,0.0156,1
731,-0.0152,1
732,0.0088,1
733,0.0188,1
734,-0.0008,1
735,-0.0064,1
736,-0.0132,1
737,-0.036,1
738,-0.0144,1
739,0.0088,1
740,-0.006,1
741,-0.0044,1
742,0.0068,1
743,-0.0104,1
744,-0.0224,1
745,0.0056,1
746,-0.0116,1
747,0.0024,1
748,-0.0052,1
749,0.0064,1
750,0.006,1
751,0.0084,1
752,-0.0168,1
753,0.0272,1
754,0.012,1
755,0.0036,1
756,0.012,1
757,-0.0324,1
758,-0.0064,1
759,-0.0048,1
760,0.0004,1
761,-0.008,1
762,-0.01,1
763,-0.02,1
764,-0.022,1
765,0.0284,1
766,-0.0216,1
767,0.0016,1
768,0.0008,1
769,-0.0096,1
770,-0.0028,1
771,-0.0072,1
772,-0.0032,1
773,0.0128,1
774,0.0168,1
775,0.0092,1
776,-0.0004,1
777,0.0012,1
778,-0.0292,1
779,-0.0092,1
780,0.0104,1
781,0.0188,1
782,0.004,1
783,0.0112,1
784,0.0072,1
785,0.0208,1
786,0.0176,1
787,-0.0104,1
788,-0.0068,1
789,-0.0152,1
790,-0.0088,1
791,-0.002,1
792,-0.0148,1
793,0.0056,1
794,-0.004,1
795,0.014,1
796,-0.0036,1
797,-0.0076,1
798,0.034,1
799,0.018,1
800,0.03,1
801,0.006,1
802,0.0016,1
803,-0.0024,1
804,-0.0176,1
805,0.006,1
806,-0.004,1
807,0.0188,1
808,-0.0132,1
809,-0.0132,1
810,-0.01,1
811,-0.0092,1
812,-0.004,1
813,0.0124,1
814,0.0032,1
815,0.0128,1
816,-0.0176,1
817,-0.0152,1
818,-0.01,1
819,0.0096,1
820,0.0116,1
821,-0.002,1
822,0.0048,1
823,0.0032,1
824,-0.002,1
825,0.0024,1
826,0.0296,1
827,-0.008,1
828,-0.0172,1
829,0.0228,1
830,0.0136,1
831,-0.0048,1
832,-0.002,1
833,-0.0296,1
834,-0.0116,1
835,-0.0108,1
836,0.004,1
837,-0.0008,1
838,0.0292,1
839,-0.0164,1
840,0.0208,1
841,0.0056,1
842,-0.0136,1
843,-0.0124,1
844,0.002,1
845,-0.0268,1
846,0.0256,1
847,-0.0204,1
848,0.0136,1
849,-0.0068,1
850,-0.01,1
851,-0.0048,1
852,-0.014,1
853,0.02,1
854,0.0104,1
855,-0.0108,1
856,-0.01,1
857,0.0036,1
858,0.0168,1
859,-0.0236,1
860,-0.0164,1
861,-0.0236,1
862,0.014,1
863,0.0004,1
864,-0.0096,1
865,-0.0096,1
866,0.0028,1
867,-0.0064,1
868,-0.0064,1
869,0.0048,1
870,0.0132,1
871,0.0124,1
872,0.004,1
873,-0.0096,1
874,-0.0124,1
875,-0.008,1
876,-0.0128,1
877,0.016,1
878,0,1
879,-0.0072,1
880,0,1
881,-0.0076,1
882,-0.0032,1
883,0.0008,1
884,-0.0084,1
885,0.0156,1
886,-0.0128,1
887,-0.0164,1
888,-0.0076,1
889,-0.0112,1
890,-0.0148,1
891,0.0172,1
892,-0.0116,1
893,-0.0012,1
894,-0.0024,1
895,-0.0092,1
896,-0.0036,1
897,-0.0004,1
898,0.0056,1
899,0.0136,1
900,-0.01,1
901,-0.0332,1
902,0.0056,1
903,-0.022,1
904,-0.0216,1
905,0.01,1
906,0.008,1
907,0.0024,1
908,-0.0068,1
909,0.0212,1
910,0.0172,1
911,0.0224,1
912,0.0012,1
913,-0.0044,1
914,-0.0232,1
915,0.0024,1
916,0.026,1
917,0.0248,1
918,0.0292,1
919,0.008,1
920,0.0096,1
921,-0.0108,1
922,0.0068,1
923,-0.008,1
924,-0.0032,1
925,-0.0116,1
926,-0.044,1
927,-0.0092,1
928,-0.0308,1
929,-0.0108,1
930,0.0156,1
931,-0.022,1
932,-0.0024,1
933,0.0144,1
934,-0.0092,1
935,-0.0132,1
936,0.0192,1
937,-0.014,1
938,0.0068,1
939,0.0132,1
940,-0.0172,1
941,-0.0184,1
942,-0.006,1
943,0.0012,1
944,0.0076,1
945,-0.0048,1
946,-0.008,1
947,0.0032,1
948,0.0288,1
949,0.0176,1
950,-0.0084,1
951,-0.008,1
952,-0.0112,1
953,-0.0104,1
954,0,1
955,-0.0208,1
956,-0.0092,1
957,0.0108,1
958,-0.0116,1
959,-0.006,1
960,-0.0084,1
961,-0.0152,1
962,0.0104,1
963,-0.0076,1
964,0.0004,1
965,-0.0136,1
966,-0.0192,1
967,0.0016,1
968,-0.0084,1
969,0.012,1
970,-0.0064,1
971,-0.002,1
972,0,1
973,0.0228,1
974,0.0052,1
975,-0.0156,1
976,0.0152,1
977,0.022,1
978,0.0008,1
979,-0.006,1
980,0.0064,1
981,-0.0132,1
982,0.01,1
983,0.014,1
984,-0.0176,1
985,0.0012,1
986,-0.012,1
987,-0.0212,1
988,-0.024,1
989,-0.0076,1
990,-0.0092,1
991,0.0056,1
992,0.0196,1
993,-0.0188,1
994,0.0064,1
995,-0.0092,1
996,0.0072,1
997,-0.016,1
998,-0.01,1
999,-0.0128,1
