walk_index,terminal_position,scaled_terminal
0,24,0.758947
1,-14,-0.442719
2,34,1.07517
3,26,0.822192
4,-34,-1.07517
5,12,0.379473
6,-4,-0.126491
7,10,0.316228
8,26,0.822192
9,-62,-1.96061
10,4,0.126491
11,-56,-1.77088
12,-24,-0.758947
13,6,0.189737
14,34,1.07517
15,4,0.126491
16,4,0.126491
17,-78,-2.46658
18,-2,-0.0632456
19,-28,-0.885438
20,-18,-0.56921
21,2,0.0632456
22,20,0.632456
23,-30,-0.948683
24,50,1.58114
25,-16,-0.505964
26,-2,-0.0632456
27,34,1.07517
28,-6,-0.189737
29,24,0.758947
30,70,2.21359
31,2,0.0632456
32,-26,-0.822192
33,-30,-0.948683
34,-10,-0.316228
35,-24,-0.758947
36,54,1.70763
37,-58,-1.83412
38,8,0.252982
39,-16,-0.505964
40,-18,-0.56921
41,52,1.64438
42,-14,-0.442719
43,-46,-1.45465
44,-8,-0.252982
45,14,0.442719
46,8,0.252982
47,-38,-1.20167
48,-20,-0.632456
49,40,1.26491
50,88,2.7828
51,10,0.316228
52,-20,-0.632456
53,8,0.252982
54,12,0.379473
55,8,0.252982
56,-12,-0.379473
57,-20,-0.632456
58,16,0.505964
59,8,0.252982
60,-46,-1.45465
61,24,0.758947
62,50,1.58114
63,16,0.505964
64,-24,-0.758947
65,28,0.885438
66,-4,-0.126491
67,-16,-0.505964
68,62,1.96061
69,-62,-1.96061
70,36,1.13842
71,0,0
72,42,1.32816
73,12,0.379473
74,-8,-0.252982
75,-6,-0.189737
76,-12,-0.379473
77,8,0.252982
78,22,0.695701
79,-74,-2.34009
80,0,0
81,0,0
82,2,0.0632456
83,18,0.56921
84,-20,-0.632456
85,0,0
86,-8,-0.252982
87,10,0.316228
88,-28,-0.885438
89,54,1.70763
90,12,0.379473
91,32,1.01193
92,14,0.442719
93,-48,-1.51789
94,-30,-0.948683
95,14,0.442719
96,2,0.0632456
97,4,0.126491
98,12,0.379473
99,-10,-0.316228
100,-2,-0.0632456
101,-4,-0.126491
102,-20,-0.632456
103,-66,-2.0871
104,-16,-0.505964
105,10,0.316228
106,-24,-0.758947
107,-6,-0.189737
108,-30,-0.948683
109,4,0.126491
110,-20,-0.632456
111,10,0.316228
112,26,0.822192
113,32,1.01193
114,16,0.505964
115,10,0.316228
116,-34,-1.07517
117,4,0.126491
118,4,0.126491
119,46,1.45465
120,20,0.632456
121,60,1.89737
122,18,0.56921
123,-16,-0.505964
124,84,2.65631
125,-20,-0.632456
126,-34,-1.07517
127,8,0.252982
128,6,0.189737
129,-2,-0.0632456
130,10,0.316228
131,-16,-0.505964
132,-2,-0.0632456
133,-46,-1.45465
134,10,0.316228
135,-24,-0.758947
136,-16,-0.505964
137,-28,-0.885438
138,-54,-1.70763
139,-26,-0.822192
140,-14,-0.442719
141,26,0.822192
142,24,0.758947
143,-36,-1.13842
144,24,0.758947
145,-6,-0.189737
146,26,0.822192
147,-22,-0.695701
148,-14,-0.442719
149,6,0.189737
150,-74,-2.34009
151,26,0.822192
152,2,0.0632456
153,-24,-0.758947
154,-38,-1.20167
155,6,0.189737
156,-14,-0.442719
157,6,0.189737
158,-2,-0.0632456
159,10,0.316228
160,-68,-2.15035
161,-4,-0.126491
162,6,0.189737
163,-16,-0.505964
164,-54,-1.70763
165,12,0.379473
166,-14,-0.442719
167,16,0.505964
168,-30,-0.948683
169,-8,-0.252982
170,-10,-0.316228
171,-34,-1.07517
172,24,0.758947
173,14,0.442719
174,-10,-0.316228
175,-10,-0.316228
176,-52,-1.64438
177,30,0.948683
178,-8,-0.252982
179,0,0
180,14,0.442719
181,-54,-1.70763
182,20,0.632456
183,34,1.07517
184,34,1.07517
185,18,0.56921
186,-10,-0.316228
187,-54,-1.70763
188,-24,-0.758947
189,18,0.56921
190,26,0.822192
191,34,1.07517
192,-26,-0.822192
193,0,0
194,-54,-1.70763
195,-24,-0.758947
196,20,0.632456
197,-40,-1.26491
198,-28,-0.885438
199,36,1.13842
200,50,1.58114
201,32,1.01193
202,14,0.442719
203,16,0.505964
204,-36,-1.13842
205,34,1.07517
206,80,2.52982
207,8,0.252982
208,12,0.379473
209,-18,-0.56921
210,-8,-0.252982
211,-36,-1.13842
212,18,0.56921
213,8,0.252982
214,12,0.379473
215,-8,-0.252982
216,-34,-1.07517
217,52,1.64438
218,0,0
219,32,1.01193
220,-18,-0.56921
221,34,1.07517
222,-12,-0.379473
223,-6,-0.189737
224,8,0.252982
225,-16,-0.505964
226,38,1.20167
227,42,1.32816
228,-2,-0.0632456
229,-4,-0.126491
230,-62,-1.96061
231,16,0.505964
232,12,0.379473
233,-10,-0.316228
234,-22,-0.695701
235,50,1.58114
236,30,0.948683
237,2,0.0632456
238,8,0.252982
239,28,0.885438
240,-34,-1.07517
241,6,0.189737
242,-14,-0.442719
243,-26,-0.822192
244,64,2.02386
245,78,2.46658
246,40,1.26491
247,-24,-0.758947
248,42,1.32816
249,4,0.126491
250,-48,-1.51789
251,-52,-1.64438
252,-20,-0.632456
253,42,1.32816
254,-40,-1.26491
255,-48,-1.51789
256,0,0
257,-10,-0.316228
258,12,0.379473
259,32,1.01193
260,-20,-0.632456
261,20,0.632456
262,16,0.505964
263,2,0.0632456
264,54,1.70763
265,-22,-0.695701
266,-40,-1.26491
267,-26,-0.822192
268,-4,-0.126491
269,10,0.316228
270,-58,-1.83412
271,44,1.3914
272,-2,-0.0632456
273,-18,-0.56921
274,24,0.758947
275,-54,-1.70763
276,-6,-0.189737
277,-54,-1.70763
278,-12,-0.379473
279,-56,-1.77088
280,-10,-0.316228
281,-22,-0.695701
282,4,0.126491
283,-20,-0.632456
284,58,1.83412
285,66,2.0871
286,2,0.0632456
287,-22,-0.695701
288,-28,-0.885438
289,0,0
290,-22,-0.695701
291,44,1.3914
292,30,0.948683
293,42,1.32816
294,-2,-0.0632456
295,-2,-0.0632456
296,0,0
297,2,0.0632456
298,22,0.695701
299,-24,-0.758947
300,-14,-0.442719
301,-4,-0.126491
302,-106,-3.35201
303,-42,-1.32816
304,0,0
305,2,0.0632456
306,-4,-0.126491
307,18,0.56921
308,-26,-0.822192
309,18,0.56921
310,4,0.126491
311,-16,-0.505964
312,62,1.96061
313,-48,-1.51789
314,18,0.56921
315,28,0.885438
316,32,1.01193
317,-8,-0.252982
318,4,0.126491
319,-14,-0.442719
320,-2,-0.0632456
321,16,0.505964
322,-28,-0.885438
323,30,0.948683
324,-30,-0.948683
325,26,0.822192
326,14,0.442719
327,-14,-0.442719
328,10,0.316228
329,-32,-1.01193
330,74,2.34009
331,6,0.189737
332,4,0.126491
333,-30,-0.948683
334,12,0.379473
335,-54,-1.70763
336,4,0.126491
337,6,0.189737
338,38,1.20167
339,4,0.126491
340,6,0.189737
341,-2,-0.0632456
342,62,1.96061
343,18,0.56921
344,-80,-2.52982
345,-12,-0.379473
346,22,0.695701
347,4,0.126491
348,-22,-0.695701
349,-2,-0.0632456
350,-4,-0.126491
351,16,0.505964
352,10,0.316228
353,8,0.252982
354,-10,-0.316228
355,36,1.13842
356,48,1.51789
357,6,0.189737
358,64,2.02386
359,26,0.822192
360,-32,-1.01193
361,0,0
362,-42,-1.32816
363,6,0.189737
364,18,0.56921
365,-28,-0.885438
366,24,0.758947
367,-48,-1.51789
368,-8,-0.252982
369,-28,-0.885438
370,18,0.56921
371,-16,-0.505964
372,36,1.13842
373,26,0.822192
374,14,0.442719
375,26,0.822192
376,14,0.442719
377,-26,-0.822192
378,24,0.758947
379,-22,-0.695701
380,-20,-0.632456
381,34,1.07517
382,-2,-0.0632456
383,-10,-0.316228
384,46,1.45465
385,-16,-0.505964
386,24,0.758947
387,-38,-1.20167
388,40,1.26491
389,0,0
390,28,0.885438
391,-36,-1.13842
392,64,2.02386
393,14,0.442719
394,-32,-1.01193
395,32,1.01193
396,28,0.885438
397,-28,-0.885438
398,-56,-1.77088
399,0,0
400,20,0.632456
401,68,2.15035
402,2,0.0632456
403,30,0.948683
404,-50,-1.58114
405,-46,-1.45465
406,-16,-0.505964
407,38,1.20167
408,18,0.56921
409,6,0.189737
410,-22,-0.695701
411,-54,-1.70763
412,16,0.505964
413,12,0.379473
414,10,0.316228
415,-40,-1.26491
416,-46,-1.45465
417,-26,-0.822192
418,2,0.0632456
419,-48,-1.51789
420,-24,-0.758947
421,-14,-0.442719
422,-10,-0.316228
423,18,0.56921
424,8,0.252982
425,8,0.252982
426,0,0
427,-10,-0.316228
428,-4,-0.126491
429,-14,-0.442719
430,14,0.442719
431,-6,-0.189737
432,14,0.442719
433,-30,-0.948683
434,-30,-0.948683
435,2,0.0632456
436,0,0
437,18,0.56921
438,44,1.3914
439,8,0.252982
440,-6,-0.189737
441,-4,-0.126491
442,90,2.84605
443,24,0.758947
444,16,0.505964
445,10,0.316228
446,44,1.3914
447,-24,-0.758947
448,16,0.505964
449,14,0.442719
450,44,1.3914
451,-18,-0.56921
452,20,0.632456
453,-12,-0.379473
454,46,1.45465
455,20,0.632456
456,-6,-0.189737
457,14,0.442719
458,20,0.632456
459,-8,-0.252982
460,2,0.0632456
461,-46,-1.45465
462,16,0.505964
463,-18,-0.56921
464,26,0.822192
465,-26,-0.822192
466,16,0.505964
467,28,0.885438
468,26,0.822192
469,-38,-1.20167
470,-8,-0.252982
471,38,1.20167
472,-26,-0.822192
473,-26,-0.822192
474,-12,-0.379473
475,-26,-0.822192
476,-58,-1.83412
477,-70,-2.21359
478,28,0.885438
479,-18,-0.56921
480,-12,-0.379473
481,-4,-0.126491
482,-6,-0.189737
483,22,0.695701
484,-20,-0.632456
485,-12,-0.379473
486,80,2.52982
487,32,1.01193
488,58,1.83412
489,52,1.64438
490,-28,-0.885438
491,-16,-0.505964
492,-20,-0.632456
493,46,1.45465
494,-42,-1.32816
495,-26,-0.822192
496,-24,-0.758947
497,28,0.885438
498,-12,-0.379473
499,6,0.189737
500,-44,-1.3914
501,-22,-0.695701
502,-16,-0.505964
503,8,0.252982
504,14,0.442719
505,-38,-1.20167
506,-16,-0.505964
507,52,1.64438
508,-32,-1.01193
509,22,0.695701
510,40,1.26491
511,24,0.758947
512,60,1.89737
513,24,0.758947
514,-48,-1.51789
515,-56,-1.77088
516,8,0.252982
517,-62,-1.96061
518,34,1.07517
519,-72,-2.27684
520,-2,-0.0632456
521,16,0.505964
522,-14,-0.442719
523,8,0.252982
524,-14,-0.442719
525,6,0.189737
526,22,0.695701
527,16,0.505964
528,-54,-1.70763
529,12,0.379473
530,-22,-0.695701
531,36,1.13842
532,26,0.822192
533,40,1.26491
534,-4,-0.126491
535,44,1.3914
536,-12,-0.379473
537,44,1.3914
538,42,1.32816
539,-18,-0.56921
540,-8,-0.252982
541,0,0
542,-28,-0.885438
543,54,1.70763
544,-8,-0.252982
545,86,2.71956
546,-36,-1.13842
547,-6,-0.189737
548,-16,-0.505964
549,-32,-1.01193
550,4,0.126491
551,2,0.0632456
552,4,0.126491
553,52,1.64438
554,10,0.316228
555,-4,-0.126491
556,16,0.505964
557,-22,-0.695701
558,34,1.07517
559,24,0.758947
560,48,1.51789
561,-6,-0.189737
562,-74,-2.34009
563,-22,-0.695701
564,44,1.3914
565,8,0.252982
566,18,0.56921
567,2,0.0632456
568,20,0.632456
569,-18,-0.56921
570,-12,-0.379473
571,40,1.26491
572,-58,-1.83412
573,-22,-0.695701
574,6,0.189737
575,0,0
576,-56,-1.77088
577,24,0.758947
578,56,1.77088
579,-12,-0.379473
580,24,0.758947
581,-14,-0.442719
582,22,0.695701
583,-10,-0.316228
584,8,0.252982
585,50,1.58114
586,-8,-0.252982
587,-2,-0.0632456
588,-28,-0.885438
589,-26,-0.822192
590,18,0.56921
591,14,0.442719
592,-26,-0.822192
593,-32,-1.01193
594,32,1.01193
595,56,1.77088
596,2,0.0632456
597,-20,-0.632456
598,-2,-0.0632456
599,-10,-0.316228
600,22,0.695701
601,-8,-0.252982
602,30,0.948683
603,8,0.252982
604,-8,-0.252982
605,-18,-0.56921
606,22,0.695701
607,32,1.01193
608,-36,-1.13842
609,32,1.01193
610,44,1.3914
611,-38,-1.20167
612,44,1.3914
613,-64,-2.02386
614,-38,-1.20167
615,78,2.46658
616,-30,-0.948683
617,-68,-2.15035
618,0,0
619,2,0.0632456
620,22,0.695701
621,-32,-1.01193
622,34,1.07517
623,34,1.07517
624,-20,-0.632456
625,-80,-2.52982
626,-60,-1.89737
627,-10,-0.316228
628,0,0
629,48,1.51789
630,-48,-1.51789
631,28,0.885438
632,-24,-0.758947
633,32,1.01193
634,-16,-0.505964
635,-54,-1.70763
636,8,0.252982
637,-18,-0.56921
638,74,2.34009
639,4,0.126491
640,48,1.51789
641,8,0.252982
642,28,0.885438
643,-10,-0.316228
644,6,0.189737
645,-12,-0.379473
646,-10,-0.316228
647,-46,-1.45465
648,18,0.56921
649,-20,-0.632456
650,-28,-0.885438
651,38,1.20167
652,30,0.948683
653,14,0.442719
654,0,0
655,-4,-0.126491
656,0,0
657,-52,-1.64438
658,18,0.56921
659,-32,-1.01193
660,0,0
661,-40,-1.26491
662,-16,-0.505964
663,0,0
664,12,0.379473
665,18,0.56921
666,42,1.32816
667,-34,-1.07517
668,10,0.316228
669,-46,-1.45465
670,-24,-0.758947
671,2,0.0632456
672,2,0.0632456
673,-60,-1.89737
674,-14,-0.442719
675,32,1.01193
676,-62,-1.96061
677,-42,-1.32816
678,-26,-0.822192
679,-20,-0.632456
680,0,0
681,-26,-0.822192
682,18,0.56921
683,-4,-0.126491
684,-50,-1.58114
685,0,0
686,-40,-1.26491
687,-14,-0.442719
688,4,0.126491
689,-36,-1.13842
690,12,0.379473
691,-42,-1.32816
692,-50,-1.58114
693,-12,-0.379473
694,42,1.32816
695,-12,-0.379473
696,24,0.758947
697,-20,-0.632456
698,-36,-1.13842
699,-18,-0.56921
700,0,0
701,14,0.442719
702,-34,-1.07517
703,2,0.0632456
704,-26,-0.822192
705,-22,-0.695701
706,26,0.822192
707,-32,-1.01193
708,56,1.77088
709,-26,-0.822192
710,-54,-1.70763
711,-10,-0.316228
712,30,0.948683
713,16,0.505964
714,16,0.505964
715,6,0.189737
716,-8,-0.252982
717,-20,-0.632456
718,10,0.316228
719,-6,-0.189737
720,-36,-1.13842
721,114,3.605
722,36,1.13842
723,-4,-0.126491
724,-44,-1.3914
725,30,0.948683
726,4,0.126491
727,-30,-0.948683
728,20,0.632456
729,28,0.885438
730,4,0.126491
731,-36,-1.13842
732,-28,-0.885438
733,6,0.189737
734,16,0.505964
735,28,0.885438
736,54,1.70763
737,24,0.758947
738,-12,-0.379473
739,-6,-0.189737
740,4,0.126491
741,20,0.632456
742,-10,-0.316228
743,-10,-0.316228
744,-4,-0.126491
745,24,0.758947
746,-12,-0.379473
747,-36,-1.13842
748,70,2.21359
749,-32,-1.01193
750,40,1.26491
751,-34,-1.07517
752,-34,-1.07517
753,8,0.252982
754,-8,-0.252982
755,-34,-1.07517
756,-32,-1.01193
757,-30,-0.948683
758,12,0.379473
759,14,0.442719
760,12,0.379473
761,-50,-1.58114
762,-12,-0.379473
763,8,0.252982
764,-14,-0.442719
765,-28,-0.885438
766,-38,-1.20167
767,-22,-0.695701
768,-2,-0.0632456
769,72,2.27684
770,-18,-0.56921
771,22,0.695701
772,-52,-1.64438
773,30,0.948683
774,14,0.442719
775,40,1.26491
776,36,1.13842
777,-24,-0.758947
778,4,0.126491
779,20,0.632456
780,30,0.948683
781,-24,-0.758947
782,-18,-0.56921
783,46,1.45465
784,40,1.26491
785,28,0.885438
786,22,0.695701
787,40,1.26491
788,22,0.695701
789,44,1.3914
790,-36,-1.13842
791,-74,-2.34009
792,-6,-0.189737
793,4,0.126491
794,66,2.0871
795,46,1.45465
796,-46,-1.45465
797,10,0.316228
798,-6,-0.189737
799,40,1.26491
800,34,1.07517
801,-18,-0.56921
802,-34,-1.07517
803,-4,-0.126491
804,44,1.3914
805,-32,-1.01193
806,-22,-0.695701
807,-6,-0.189737
808,-8,-0.252982
809,-6,-0.189737
810,58,1.83412
811,-42,-1.32816
812,-14,-0.442719
813,14,0.442719
814,16,0.505964
815,14,0.442719
816,-18,-0.56921
817,38,1.20167
818,-26,-0.822192
819,-10,-0.316228
820,48,1.51789
821,-24,-0.758947
822,14,0.442719
823,16,0.505964
824,-22,-0.695701
825,-42,-1.32816
826,92,2.9093
827,60,1.89737
828,0,0
829,50,1.58114
830,-2,-0.0632456
831,-8,-0.252982
832,0,0
833,32,1.01193
834,2,0.0632456
835,14,0.442719
836,-64,-2.02386
837,0,0
838,28,0.885438
839,50,1.58114
840,-26,-0.822192
841,-8,-0.252982
842,-20,-0.632456
843,34,1.07517
844,30,0.948683
845,40,1.26491
846,-54,-1.70763
847,-26,-0.822192
848,16,0.505964
849,40,1.26491
850,-8,-0.252982
851,-2,-0.0632456
852,-24,-0.758947
853,-20,-0.632456
854,-48,-1.51789
855,-12,-0.379473
856,-4,-0.126491
857,46,1.45465
858,-90,-2.84605
859,-20,-0.632456
860,-44,-1.3914
861,56,1.77088
862,34,1.07517
863,12,0.379473
864,-40,-1.26491
865,14,0.442719
866,16,0.505964
867,-42,-1.32816
868,-32,-1.01193
869,-10,-0.316228
870,34,1.07517
871,20,0.632456
872,12,0.379473
873,-6,-0.189737
874,-50,-1.58114
875,44,1.3914
876,-16,-0.505964
877,20,0.632456
878,-8,-0.252982
879,-20,-0.632456
880,32,1.01193
881,54,1.70763
882,8,0.252982
883,-56,-1.77088
884,28,0.885438
885,-52,-1.64438
886,2,0.0632456
887,38,1.20167
888,-40,-1.26491
889,-28,-0.885438
890,-40,-1.26491
891,-30,-0.948683
892,2,0.0632456
893,48,1.51789
894,4,0.126491
895,10,0.316228
896,-22,-0.695701
897,44,1.3914
898,2,0.0632456
899,46,1.45465
900,20,0.632456
901,20,0.632456
902,-8,-0.252982
903,-40,-1.26491
904,2,0.0632456
905,8,0.252982
906,56,1.77088
907,-28,-0.885438
908,-48,-1.51789
909,-2,-0.0632456
910,-2,-0.0632456
911,0,0
912,56,1.77088
913,-26,-0.822192
914,-36,-1.13842
915,-8,-0.252982
916,18,0.56921
917,6,0.189737
918,-14,-0.442719
919,20,0.632456
920,-14,-0.442719
921,6,0.189737
922,-70,-2.21359
923,-16,-0.505964
924,44,1.3914
925,-10,-0.316228
926,10,0.316228
927,-8,-0.252982
928,-22,-0.695701
929,24,0.758947
930,-28,-0.885438
931,40,1.26491
932,-12,-0.379473
933,28,0.885438
934,-26,-0.822192
935,4,0.126491
936,-46,-1.45465
937,-12,-0.379473
938,-4,-0.126491
939,24,0.758947
940,-4,-0.126491
941,-36,-1.13842
942,46,1.45465
943,-84,-2.65631
944,22,0.695701
945,-34,-1.07517
946,-12,-0.379473
947,-22,-0.695701
948,-40,-1.26491
949,-40,-1.26491
950,8,0.252982
951,22,0.695701
952,2,0.0632456
953,36,1.13842
954,42,1.32816
955,42,1.32816
956,34,1.07517
957,-34,-1.07517
958,-56,-1.77088
959,4,0.126491
960,28,0.885438
961,10,0.316228
962,16,0.505964
963,-42,-1.32816
964,28,0.885438
965,18,0.56921
966,-2,-0.0632456
967,18,0.56921
968,-20,-0.632456
969,-12,-0.379473
970,38,1.20167
971,38,1.20167
972,-20,-0.632456
973,-52,-1.64438
974,30,0.948683
975,-24,-0.758947
976,24,0.758947
977,14,0.442719
978,32,1.01193
979,100,3.16228
980,22,0.695701
981,28,0.885438
982,28,0.885438
983,-90,-2.84605
984,26,0.822192
985,-8,-0.252982
986,42,1.32816
987,-10,-0.316228
988,-30,-0.948683
989,22,0.695701
990,-12,-0.379473
991,-20,-0.632456
992,28,0.885438
993,36,1.13842
994,-16,-0.505964
995,70,2.21359
996,6,0.189737
997,16,0.505964
998,28,0.885438
999,46,1.45465
1000,2,0.0632456
1001,38,1.20167
1002,-36,-1.13842
1003,-32,-1.01193
1004,72,2.27684
1005,20,0.632456
1006,-6,-0.189737
1007,64,2.02386
1008,4,0.126491
1009,4,0.126491
1010,24,0.758947
1011,-14,-0.442719
1012,-44,-1.3914
1013,20,0.632456
1014,14,0.442719
1015,-28,-0.885438
1016,-2,-0.0632456
1017,-36,-1.13842
1018,-58,-1.83412
1019,42,1.32816
1020,10,0.316228
1021,-44,-1.3914
1022,4,0.126491
1023,12,0.379473
1024,16,0.505964
1025,2,0.0632456
1026,2,0.0632456
1027,38,1.20167
1028,12,0.379473
1029,-4,-0.126491
1030,-22,-0.695701
1031,8,0.252982
1032,38,1.20167
1033,-10,-0.316228
1034,-30,-0.948683
1035,34,1.07517
1036,-38,-1.20167
1037,60,1.89737
1038,26,0.822192
1039,-2,-0.0632456
1040,20,0.632456
1041,-20,-0.632456
1042,50,1.58114
1043,20,0.632456
1044,-2,-0.0632456
1045,28,0.885438
1046,-20,-0.632456
1047,-12,-0.379473
1048,94,2.97254
1049,-10,-0.316228
1050,6,0.189737
1051,16,0.505964
1052,20,0.632456
1053,4,0.126491
1054,-18,-0.56921
1055,10,0.316228
1056,38,1.20167
1057,22,0.695701
1058,30,0.948683
1059,28,0.885438
1060,-24,-0.758947
1061,32,1.01193
1062,-8,-0.252982
1063,-30,-0.948683
1064,-76,-2.40333
1065,-14,-0.442719
1066,8,0.252982
1067,4,0.126491
1068,22,0.695701
1069,-6,-0.189737
1070,-18,-0.56921
1071,18,0.56921
1072,0,0
1073,66,2.0871
1074,-6,-0.189737
1075,-26,-0.822192
1076,-18,-0.56921
1077,32,1.01193
1078,12,0.379473
1079,-40,-1.26491
1080,-36,-1.13842
1081,-10,-0.316228
1082,54,1.70763
1083,-14,-0.442719
1084,10,0.316228
1085,-32,-1.01193
1086,-82,-2.59307
1087,-28,-0.885438
1088,-10,-0.316228
1089,-22,-0.695701
1090,-24,-0.758947
1091,-30,-0.948683
1092,40,1.26491
1093,14,0.442719
1094,-52,-1.64438
1095,-8,-0.252982
1096,2,0.0632456
1097,-32,-1.01193
1098,34,1.07517
1099,-8,-0.252982
1100,42,1.32816
1101,-52,-1.64438
1102,78,2.46658
1103,-20,-0.632456
1104,4,0.126491
1105,6,0.189737
1106,16,0.505964
1107,38,1.20167
1108,60,1.89737
1109,44,1.3914
1110,22,0.695701
1111,-22,-0.695701
1112,44,1.3914
1113,12,0.379473
1114,-8,-0.252982
1115,28,0.885438
1116,-8,-0.252982
1117,-70,-2.21359
1118,-40,-1.26491
1119,-22,-0.695701
1120,18,0.56921
1121,-38,-1.20167
1122,-10,-0.316228
1123,-14,-0.442719
1124,-92,-2.9093
1125,10,0.316228
1126,22,0.695701
1127,30,0.948683
1128,-26,-0.822192
1129,36,1.13842
1130,-72,-2.27684
1131,62,1.96061
1132,32,1.01193
1133,20,0.632456
1134,4,0.126491
1135,-64,-2.02386
1136,-18,-0.56921
1137,-46,-1.45465
1138,-6,-0.189737
1139,-42,-1.32816
1140,30,0.948683
1141,-4,-0.126491
1142,-76,-2.40333
1143,-26,-0.822192
1144,-38,-1.20167
1145,12,0.379473
1146,22,0.695701
1147,-10,-0.316228
1148,-12,-0.379473
1149,0,0
1150,-18,-0.56921
1151,-20,-0.632456
1152,14,0.442719
1153,22,0.695701
1154,10,0.316228
1155,46,1.45465
1156,14,0.442719
1157,-14,-0.442719
1158,36,1.13842
1159,-12,-0.379473
1160,-4,-0.126491
1161,-8,-0.252982
1162,-56,-1.77088
1163,26,0.822192
1164,4,0.126491
1165,24,0.758947
1166,22,0.695701
1167,8,0.252982
1168,30,0.948683
1169,26,0.822192
1170,-2,-0.0632456
1171,10,0.316228
1172,-50,-1.58114
1173,28,0.885438
1174,8,0.252982
1175,0,0
1176,-40,-1.26491
1177,22,0.695701
1178,-24,-0.758947
1179,-44,-1.3914
1180,42,1.32816
1181,-38,-1.20167
1182,28,0.885438
1183,6,0.189737
1184,24,0.758947
1185,-52,-1.64438
1186,-18,-0.56921
1187,6,0.189737
1188,0,0
1189,4,0.126491
1190,-18,-0.56921
1191,20,0.632456
1192,-30,-0.948683
1193,10,0.316228
1194,2,0.0632456
1195,-28,-0.885438
1196,-10,-0.316228
1197,6,0.189737
1198,22,0.695701
1199,4,0.126491
1200,-4,-0.126491
1201,-28,-0.885438
1202,-54,-1.70763
1203,-8,-0.252982
1204,-24,-0.758947
1205,2,0.0632456
1206,-36,-1.13842
1207,14,0.442719
1208,46,1.45465
1209,-20,-0.632456
1210,-56,-1.77088
1211,-10,-0.316228
1212,-12,-0.379473
1213,-22,-0.695701
1214,-10,-0.316228
1215,4,0.126491
1216,50,1.58114
1217,-40,-1.26491
1218,16,0.505964
1219,-46,-1.45465
1220,-10,-0.316228
1221,-56,-1.77088
1222,-18,-0.56921
1223,12,0.379473
1224,0,0
1225,38,1.20167
1226,-2,-0.0632456
1227,-28,-0.885438
1228,36,1.13842
1229,46,1.45465
1230,2,0.0632456
1231,18,0.56921
1232,-48,-1.51789
1233,-12,-0.379473
1234,36,1.13842
1235,-66,-2.0871
1236,-30,-0.948683
1237,4,0.126491
1238,-26,-0.822192
1239,-26,-0.822192
1240,20,0.632456
1241,-6,-0.189737
1242,2,0.0632456
1243,30,0.948683
1244,18,0.56921
1245,34,1.07517
1246,-2,-0.0632456
1247,2,0.0632456
1248,12,0.379473
1249,12,0.379473
1250,-26,-0.822192
1251,34,1.07517
1252,-14,-0.442719
1253,-2,-0.0632456
1254,38,1.20167
1255,-12,-0.379473
1256,-28,-0.885438
1257,10,0.316228
1258,24,0.758947
1259,-12,-0.379473
1260,-76,-2.40333
1261,-6,-0.189737
1262,36,1.13842
1263,-48,-1.51789
1264,18,0.56921
1265,42,1.32816
1266,-18,-0.56921
1267,14,0.442719
1268,-60,-1.89737
1269,-2,-0.0632456
1270,10,0.316228
1271,32,1.01193
1272,0,0
1273,-6,-0.189737
1274,38,1.20167
1275,26,0.822192
1276,26,0.822192
1277,-28,-0.885438
1278,-20,-0.632456
1279,8,0.252982
1280,-18,-0.56921
1281,-16,-0.505964
1282,12,0.379473
1283,30,0.948683
1284,-18,-0.56921
1285,-2,-0.0632456
1286,-58,-1.83412
1287,28,0.885438
1288,24,0.758947
1289,-18,-0.56921
1290,-12,-0.379473
1291,60,1.89737
1292,14,0.442719
1293,22,0.695701
1294,2,0.0632456
1295,18,0.56921
1296,-56,-1.77088
1297,-2,-0.0632456
1298,20,0.632456
1299,4,0.126491
1300,40,1.26491
1301,12,0.379473
1302,12,0.379473
1303,22,0.695701
1304,18,0.56921
1305,46,1.45465
1306,14,0.442719
1307,-18,-0.56921
1308,26,0.822192
1309,-16,-0.505964
1310,-30,-0.948683
1311,18,0.56921
1312,-32,-1.01193
1313,-56,-1.77088
1314,2,0.0632456
1315,-34,-1.07517
1316,-4,-0.126491
1317,-16,-0.505964
1318,-76,-2.40333
1319,-6,-0.189737
1320,50,1.58114
1321,88,2.7828
1322,6,0.189737
1323,2,0.0632456
1324,0,0
1325,32,1.01193
1326,26,0.822192
1327,28,0.885438
1328,8,0.252982
1329,-24,-0.758947
1330,34,1.07517
1331,2,0.0632456
1332,-36,-1.13842
1333,-6,-0.189737
1334,6,0.189737
1335,42,1.32816
1336,14,0.442719
1337,-58,-1.83412
1338,4,0.126491
1339,2,0.0632456
1340,18,0.56921
1341,-20,-0.632456
1342,52,1.64438
1343,-16,-0.505964
1344,22,0.695701
1345,-8,-0.252982
1346,68,2.15035
1347,-10,-0.316228
1348,-32,-1.01193
1349,10,0.316228
1350,-18,-0.56921
1351,10,0.316228
1352,-4,-0.126491
1353,96,3.03579
1354,-26,-0.822192
1355,14,0.442719
1356,-6,-0.189737
1357,-54,-1.70763
1358,26,0.822192
1359,10,0.316228
1360,28,0.885438
1361,-22,-0.695701
1362,-2,-0.0632456
1363,-12,-0.379473
1364,122,3.85798
1365,-38,-1.20167
1366,0,0
1367,-4,-0.126491
1368,6,0.189737
1369,-6,-0.189737
1370,28,0.885438
1371,0,0
1372,-24,-0.758947
1373,28,0.885438
1374,-6,-0.189737
1375,-30,-0.948683
1376,-14,-0.442719
1377,4,0.126491
1378,-10,-0.316228
1379,-28,-0.885438
1380,4,0.126491
1381,4,0.126491
1382,-18,-0.56921
1383,20,0.632456
1384,16,0.505964
1385,4,0.126491
1386,68,2.15035
1387,50,1.58114
1388,60,1.89737
1389,-54,-1.70763
1390,0,0
1391,6,0.189737
1392,-44,-1.3914
1393,-88,-2.7828
1394,10,0.316228
1395,-22,-0.695701
1396,40,1.26491
1397,14,0.442719
1398,6,0.189737
1399,-4,-0.126491
1400,6,0.189737
1401,-30,-0.948683
1402,56,1.77088
1403,20,0.632456
1404,-36,-1.13842
1405,-14,-0.442719
1406,26,0.822192
1407,-30,-0.948683
1408,-10,-0.316228
1409,-12,-0.379473
1410,-64,-2.02386
1411,-22,-0.695701
1412,16,0.505964
1413,10,0.316228
1414,-2,-0.0632456
1415,-22,-0.695701
1416,-2,-0.0632456
1417,-20,-0.632456
1418,-2,-0.0632456
1419,-18,-0.56921
1420,40,1.26491
1421,22,0.695701
1422,-24,-0.758947
1423,26,0.822192
1424,-66,-2.0871
1425,-14,-0.442719
1426,16,0.505964
1427,64,2.02386
1428,2,0.0632456
1429,2,0.0632456
1430,-12,-0.379473
1431,38,1.20167
1432,-26,-0.822192
1433,-40,-1.26491
1434,-12,-0.379473
1435,-28,-0.885438
1436,28,0.885438
1437,-20,-0.632456
1438,-24,-0.758947
1439,2,0.0632456
1440,-36,-1.13842
1441,54,1.70763
1442,-22,-0.695701
1443,28,0.885438
1444,30,0.948683
1445,78,2.46658
1446,-42,-1.32816
1447,28,0.885438
1448,-44,-1.3914
1449,-12,-0.379473
1450,14,0.442719
1451,-36,-1.13842
1452,30,0.948683
1453,-12,-0.379473
1454,-54,-1.70763
1455,-42,-1.32816
1456,-60,-1.89737
1457,88,2.7828
1458,-12,-0.379473
1459,-26,-0.822192
1460,28,0.885438
1461,-14,-0.442719
1462,72,2.27684
1463,26,0.822192
1464,20,0.632456
1465,-30,-0.948683
1466,-26,-0.822192
1467,18,0.56921
1468,-26,-0.822192
1469,16,0.505964
1470,-44,-1.3914
1471,6,0.189737
1472,70,2.21359
1473,-12,-0.379473
1474,-48,-1.51789
1475,-46,-1.45465
1476,-10,-0.316228
1477,-10,-0.316228
1478,44,1.3914
1479,2,0.0632456
1480,16,0.505964
1481,50,1.58114
1482,-18,-0.56921
1483,-54,-1.70763
1484,2,0.0632456
1485,12,0.379473
1486,10,0.316228
1487,0,0
1488,4,0.126491
1489,-12,-0.379473
1490,34,1.07517
1491,12,0.379473
1492,-10,-0.316228
1493,22,0.695701
1494,32,1.01193
1495,-64,-2.02386
1496,-10,-0.316228
1497,46,1.45465
1498,-2,-0.0632456
1499,12,0.379473
1500,18,0.56921
1501,60,1.89737
1502,-30,-0.948683
1503,-30,-0.948683
1504,-38,-1.20167
1505,50,1.58114
1506,64,2.02386
1507,20,0.632456
1508,-22,-0.695701
1509,18,0.56921
1510,-38,-1.20167
1511,-6,-0.189737
1512,-40,-1.26491
1513,26,0.822192
1514,64,2.02386
1515,14,0.442719
1516,14,0.442719
1517,12,0.379473
1518,26,0.822192
1519,18,0.56921
1520,-2,-0.0632456
1521,-46,-1.45465
1522,-48,-1.51789
1523,36,1.13842
1524,-64,-2.02386
1525,8,0.252982
1526,-34,-1.07517
1527,-34,-1.07517
1528,-36,-1.13842
1529,-32,-1.01193
1530,-40,-1.26491
1531,10,0.316228
1532,-16,-0.505964
1533,-64,-2.02386
1534,-8,-0.252982
1535,14,0.442719
1536,-48,-1.51789
1537,-32,-1.01193
1538,14,0.442719
1539,-14,-0.442719
1540,12,0.379473
1541,-18,-0.56921
1542,-18,-0.56921
1543,38,1.20167
1544,-10,-0.316228
1545,-38,-1.20167
1546,-36,-1.13842
1547,48,1.51789
1548,28,0.885438
1549,28,0.885438
1550,-42,-1.32816
1551,-34,-1.07517
1552,18,0.56921
1553,8,0.252982
1554,24,0.758947
1555,14,0.442719
1556,-56,-1.77088
1557,78,2.46658
1558,26,0.822192
1559,-12,-0.379473
1560,-54,-1.70763
1561,-14,-0.442719
1562,52,1.64438
1563,-38,-1.20167
1564,-16,-0.505964
1565,14,0.442719
1566,-48,-1.51789
1567,24,0.758947
1568,-34,-1.07517
1569,68,2.15035
1570,-20,-0.632456
1571,24,0.758947
1572,8,0.252982
1573,42,1.32816
1574,2,0.0632456
1575,32,1.01193
1576,-46,-1.45465
1577,-54,-1.70763
1578,62,1.96061
1579,46,1.45465
1580,8,0.252982
1581,6,0.189737
1582,36,1.13842
1583,-10,-0.316228
1584,-8,-0.252982
1585,14,0.442719
1586,-28,-0.885438
1587,16,0.505964
1588,-12,-0.379473
1589,-14,-0.442719
1590,24,0.758947
1591,-80,-2.52982
1592,40,1.26491
1593,-26,-0.822192
1594,-20,-0.632456
1595,52,1.64438
1596,-24,-0.758947
1597,-12,-0.379473
1598,-6,-0.189737
1599,12,0.379473
1600,10,0.316228
1601,-8,-0.252982
1602,16,0.505964
1603,36,1.13842
1604,18,0.56921
1605,60,1.89737
1606,-8,-0.252982
1607,-66,-2.0871
1608,18,0.56921
1609,-40,-1.26491
1610,38,1.20167
1611,18,0.56921
1612,16,0.505964
1613,-14,-0.442719
1614,-48,-1.51789
1615,28,0.885438
1616,12,0.379473
1617,6,0.189737
1618,-22,-0.695701
1619,22,0.695701
1620,-8,-0.252982
1621,38,1.20167
1622,-28,-0.885438
1623,-10,-0.316228
1624,-16,-0.505964
1625,-70,-2.21359
1626,-18,-0.56921
1627,-20,-0.632456
1628,14,0.442719
1629,26,0.822192
1630,-30,-0.948683
1631,28,0.885438
1632,-8,-0.252982
1633,24,0.758947
1634,2,0.0632456
1635,-20,-0.632456
1636,-32,-1.01193
1637,-14,-0.442719
1638,-6,-0.189737
1639,32,1.01193
1640,-14,-0.442719
1641,-34,-1.07517
1642,-28,-0.885438
1643,14,0.442719
1644,-12,-0.379473
1645,-4,-0.126491
1646,-20,-0.632456
1647,-34,-1.07517
1648,12,0.379473
1649,-2,-0.0632456
1650,68,2.15035
1651,-20,-0.632456
1652,-16,-0.505964
1653,-46,-1.45465
1654,52,1.64438
1655,28,0.885438
1656,-14,-0.442719
1657,-24,-0.758947
1658,-6,-0.189737
1659,-28,-0.885438
1660,-10,-0.316228
1661,24,0.758947
1662,16,0.505964
1663,42,1.32816
1664,18,0.56921
1665,20,0.632456
1666,-76,-2.40333
1667,8,0.252982
1668,56,1.77088
1669,-68,-2.15035
1670,8,0.252982
1671,-8,-0.252982
1672,-32,-1.01193
1673,-60,-1.89737
1674,-46,-1.45465
1675,4,0.126491
1676,10,0.316228
1677,36,1.13842
1678,-20,-0.632456
1679,-32,-1.01193
1680,-16,-0.505964
1681,34,1.07517
1682,2,0.0632456
1683,8,0.252982
1684,40,1.26491
1685,22,0.695701
1686,-6,-0.189737
1687,-10,-0.316228
1688,-36,-1.13842
1689,-46,-1.45465
1690,26,0.822192
1691,26,0.822192
1692,4,0.126491
1693,8,0.252982
1694,18,0.56921
1695,-42,-1.32816
1696,6,0.189737
1697,0,0
1698,22,0.695701
1699,-30,-0.948683
1700,-26,-0.822192
1701,-8,-0.252982
1702,-8,-0.252982
1703,14,0.442719
1704,-22,-0.695701
1705,-30,-0.948683
1706,-10,-0.316228
1707,8,0.252982
1708,12,0.379473
1709,-4,-0.126491
1710,-20,-0.632456
1711,14,0.442719
1712,6,0.189737
1713,30,0.948683
1714,-70,-2.21359
1715,64,2.02386
1716,42,1.32816
1717,-18,-0.56921
1718,-2,-0.0632456
1719,-16,-0.505964
1720,64,2.02386
1721,-2,-0.0632456
1722,32,1.01193
1723,-4,-0.126491
1724,-4,-0.126491
1725,-30,-0.948683
1726,70,2.21359
1727,-2,-0.0632456
1728,-26,-0.822192
1729,-34,-1.07517
1730,16,0.505964
1731,-2,-0.0632456
1732,-4,-0.126491
1733,-56,-1.77088
1734,36,1.13842
1735,-18,-0.56921
1736,32,1.01193
1737,-44,-1.3914
1738,-4,-0.126491
1739,-4,-0.126491
1740,-20,-0.632456
1741,2,0.0632456
1742,22,0.695701
1743,-10,-0.316228
1744,-48,-1.51789
1745,28,0.885438
1746,62,1.96061
1747,-40,-1.26491
1748,10,0.316228
1749,12,0.379473
1750,-42,-1.32816
1751,-38,-1.20167
1752,46,1.45465
1753,-16,-0.505964
1754,10,0.316228
1755,-50,-1.58114
1756,-6,-0.189737
1757,-6,-0.189737
1758,-28,-0.885438
1759,22,0.695701
1760,0,0
1761,0,0
1762,-26,-0.822192
1763,-22,-0.695701
1764,62,1.96061
1765,24,0.758947
1766,-24,-0.758947
1767,18,0.56921
1768,-4,-0.126491
1769,0,0
1770,-12,-0.379473
1771,-24,-0.758947
1772,-22,-0.695701
1773,-36,-1.13842
1774,30,0.948683
1775,14,0.442719
1776,-32,-1.01193
1777,-46,-1.45465
1778,72,2.27684
1779,-10,-0.316228
1780,-20,-0.632456
1781,4,0.126491
1782,-46,-1.45465
1783,34,1.07517
1784,-8,-0.252982
1785,30,0.948683
1786,10,0.316228
1787,20,0.632456
1788,-2,-0.0632456
1789,-28,-0.885438
1790,42,1.32816
1791,-16,-0.505964
1792,-34,-1.07517
1793,16,0.505964
1794,-42,-1.32816
1795,-10,-0.316228
1796,-42,-1.32816
1797,24,0.758947
1798,14,0.442719
1799,12,0.379473
1800,-32,-1.01193
1801,26,0.822192
1802,0,0
1803,-26,-0.822192
1804,2,0.0632456
1805,-34,-1.07517
1806,-12,-0.379473
1807,-16,-0.505964
1808,34,1.07517
1809,6,0.189737
1810,0,0
1811,10,0.316228
1812,12,0.379473
1813,28,0.885438
1814,-22,-0.695701
1815,36,1.13842
1816,-36,-1.13842
1817,38,1.20167
1818,-14,-0.442719
1819,26,0.822192
1820,-42,-1.32816
1821,-8,-0.252982
1822,34,1.07517
1823,8,0.252982
1824,-2,-0.0632456
1825,-52,-1.64438
1826,46,1.45465
1827,0,0
1828,8,0.252982
1829,48,1.51789
1830,-6,-0.189737
1831,4,0.126491
1832,-20,-0.632456
1833,-32,-1.01193
1834,-32,-1.01193
1835,16,0.505964
1836,-10,-0.316228
1837,6,0.189737
1838,16,0.505964
1839,42,1.32816
1840,32,1.01193
1841,-16,-0.505964
1842,16,0.505964
1843,16,0.505964
1844,4,0.126491
1845,16,0.505964
1846,26,0.822192
1847,34,1.07517
1848,16,0.505964
1849,12,0.379473
1850,-16,-0.505964
1851,-50,-1.58114
1852,-56,-1.77088
1853,-14,-0.442719
1854,-4,-0.126491
1855,2,0.0632456
1856,20,0.632456
1857,-10,-0.316228
1858,-18,-0.56921
1859,-12,-0.379473
1860,96,3.03579
1861,-4,-0.126491
1862,32,1.01193
1863,-22,-0.695701
1864,-30,-0.948683
1865,-28,-0.885438
1866,-66,-2.0871
1867,-16,-0.505964
1868,34,1.07517
1869,22,0.695701
1870,4,0.126491
1871,-14,-0.442719
1872,36,1.13842
1873,60,1.89737
1874,-74,-2.34009
1875,-34,-1.07517
1876,-46,-1.45465
1877,18,0.56921
1878,14,0.442719
1879,-8,-0.252982
1880,-18,-0.56921
1881,30,0.948683
1882,2,0.0632456
1883,6,0.189737
1884,12,0.379473
1885,18,0.56921
1886,48,1.51789
1887,4,0.126491
1888,-24,-0.758947
1889,6,0.189737
1890,-36,-1.13842
1891,12,0.379473
1892,76,2.40333
1893,26,0.822192
1894,34,1.07517
1895,-8,-0.252982
1896,-44,-1.3914
1897,34,1.07517
1898,32,1.01193
1899,16,0.505964
1900,-20,-0.632456
1901,-8,-0.252982
1902,12,0.379473
1903,-22,-0.695701
1904,-42,-1.32816
1905,68,2.15035
1906,-56,-1.77088
1907,12,0.379473
1908,-16,-0.505964
1909,-8,-0.252982
1910,20,0.632456
1911,-12,-0.379473
1912,-24,-0.758947
1913,-12,-0.379473
1914,-60,-1.89737
1915,-36,-1.13842
1916,-36,-1.13842
1917,18,0.56921
1918,22,0.695701
1919,6,0.189737
1920,-34,-1.07517
1921,28,0.885438
1922,-2,-0.0632456
1923,-60,-1.89737
1924,-74,-2.34009
1925,-32,-1.01193
1926,44,1.3914
1927,-28,-0.885438
1928,14,0.442719
1929,-32,-1.01193
1930,-46,-1.45465
1931,-46,-1.45465
1932,-36,-1.13842
1933,16,0.505964
1934,-2,-0.0632456
1935,8,0.252982
1936,6,0.189737
1937,-22,-0.695701
1938,-2,-0.0632456
1939,50,1.58114
1940,14,0.442719
1941,-6,-0.189737
1942,4,0.126491
1943,-56,-1.77088
1944,-64,-2.02386
1945,-20,-0.632456
1946,40,1.26491
1947,-24,-0.758947
1948,110,3.47851
1949,-18,-0.56921
1950,-36,-1.13842
1951,-14,-0.442719
1952,14,0.442719
1953,-14,-0.442719
1954,14,0.442719
1955,24,0.758947
1956,18,0.56921
1957,56,1.77088
1958,-72,-2.27684
1959,42,1.32816
1960,-40,-1.26491
1961,36,1.13842
1962,-12,-0.379473
1963,22,0.695701
1964,8,0.252982
1965,-22,-0.695701
1966,40,1.26491
1967,-42,-1.32816
1968,2,0.0632456
1969,-28,-0.885438
1970,-4,-0.126491
1971,-72,-2.27684
1972,30,0.948683
1973,30,0.948683
1974,32,1.01193
1975,2,0.0632456
1976,-2,-0.0632456
1977,0,0
1978,6,0.189737
1979,8,0.252982
1980,20,0.632456
1981,-42,-1.32816
1982,-42,-1.32816
1983,-68,-2.15035
1984,46,1.45465
1985,-20,-0.632456
1986,-8,-0.252982
1987,-24,-0.758947
1988,-6,-0.189737
1989,-12,-0.379473
1990,6,0.189737
1991,-36,-1.13842
1992,-10,-0.316228
1993,-34,-1.07517
1994,4,0.126491
1995,-6,-0.189737
1996,16,0.505964
1997,46,1.45465
1998,6,0.189737
1999,-4,-0.126491
2000,-8,-0.252982
2001,0,0
2002,-40,-1.26491
2003,52,1.64438
2004,-70,-2.21359
2005,20,0.632456
2006,8,0.252982
2007,-2,-0.0632456
2008,-74,-2.34009
2009,0,0
2010,-12,-0.379473
2011,-10,-0.316228
2012,30,0.948683
2013,-36,-1.13842
2014,6,0.189737
2015,-20,-0.632456
2016,-20,-0.632456
2017,42,1.32816
2018,-36,-1.13842
2019,90,2.84605
2020,4,0.126491
2021,-92,-2.9093
2022,24,0.758947
2023,66,2.0871
2024,30,0.948683
2025,10,0.316228
2026,34,1.07517
2027,-26,-0.822192
2028,30,0.948683
2029,-38,-1.20167
2030,18,0.56921
2031,-20,-0.632456
2032,26,0.822192
2033,14,0.442719
2034,-4,-0.126491
2035,12,0.379473
2036,-16,-0.505964
2037,-8,-0.252982
2038,18,0.56921
2039,44,1.3914
2040,22,0.695701
2041,-2,-0.0632456
2042,-14,-0.442719
2043,14,0.442719
2044,-52,-1.64438
2045,-10,-0.316228
2046,6,0.189737
2047,12,0.379473
2048,-4,-0.126491
2049,58,1.83412
2050,-10,-0.316228
2051,26,0.822192
2052,24,0.758947
2053,48,1.51789
2054,-48,-1.51789
2055,-14,-0.442719
2056,-28,-0.885438
2057,-26,-0.822192
2058,72,2.27684
2059,-50,-1.58114
2060,42,1.32816
2061,-26,-0.822192
2062,18,0.56921
2063,4,0.126491
2064,-26,-0.822192
2065,-12,-0.379473
2066,16,0.505964
2067,-6,-0.189737
2068,-42,-1.32816
2069,-16,-0.505964
2070,24,0.758947
2071,-36,-1.13842
2072,-50,-1.58114
2073,-20,-0.632456
2074,-6,-0.189737
2075,36,1.13842
2076,56,1.77088
2077,6,0.189737
2078,32,1.01193
2079,22,0.695701
2080,-48,-1.51789
2081,-6,-0.189737
2082,60,1.89737
2083,26,0.822192
2084,44,1.3914
2085,64,2.02386
2086,62,1.96061
2087,-8,-0.252982
2088,2,0.0632456
2089,-38,-1.20167
2090,2,0.0632456
2091,-42,-1.32816
2092,-26,-0.822192
2093,-2,-0.0632456
2094,2,0.0632456
2095,-92,-2.9093
2096,-16,-0.505964
2097,30,0.948683
2098,-56,-1.77088
2099,-14,-0.442719
2100,10,0.316228
2101,-12,-0.379473
2102,34,1.07517
2103,18,0.56921
2104,-10,-0.316228
2105,-18,-0.56921
2106,-2,-0.0632456
2107,-10,-0.316228
2108,44,1.3914
2109,20,0.632456
2110,16,0.505964
2111,-12,-0.379473
2112,-4,-0.126491
2113,14,0.442719
2114,24,0.758947
2115,-82,-2.59307
2116,16,0.505964
2117,-30,-0.948683
2118,18,0.56921
2119,12,0.379473
2120,-8,-0.252982
2121,-4,-0.126491
2122,-18,-0.56921
2123,16,0.505964
2124,36,1.13842
2125,72,2.27684
2126,-18,-0.56921
2127,22,0.695701
2128,-2,-0.0632456
2129,40,1.26491
2130,-6,-0.189737
2131,8,0.252982
2132,-36,-1.13842
2133,10,0.316228
2134,-18,-0.56921
2135,16,0.505964
2136,-8,-0.252982
2137,22,0.695701
2138,20,0.632456
2139,-94,-2.97254
2140,4,0.126491
2141,-2,-0.0632456
2142,30,0.948683
2143,4,0.126491
2144,26,0.822192
2145,60,1.89737
2146,14,0.442719
2147,-4,-0.126491
2148,-6,-0.189737
2149,18,0.56921
2150,-2,-0.0632456
2151,6,0.189737
2152,16,0.505964
2153,-22,-0.695701
2154,-20,-0.632456
2155,46,1.45465
2156,30,0.948683
2157,-28,-0.885438
2158,-86,-2.71956
2159,28,0.885438
2160,18,0.56921
2161,-2,-0.0632456
2162,-34,-1.07517
2163,-8,-0.252982
2164,44,1.3914
2165,18,0.56921
2166,-72,-2.27684
2167,36,1.13842
2168,-30,-0.948683
2169,36,1.13842
2170,46,1.45465
2171,-4,-0.126491
2172,-42,-1.32816
2173,-28,-0.885438
2174,-10,-0.316228
2175,-82,-2.59307
2176,-52,-1.64438
2177,76,2.40333
2178,-26,-0.822192
2179,30,0.948683
2180,28,0.885438
2181,78,2.46658
2182,-10,-0.316228
2183,-24,-0.758947
2184,-4,-0.126491
2185,50,1.58114
2186,-68,-2.15035
2187,-4,-0.126491
2188,-26,-0.822192
2189,-18,-0.56921
2190,64,2.02386
2191,-62,-1.96061
2192,-36,-1.13842
2193,-28,-0.885438
2194,-30,-0.948683
2195,-30,-0.948683
2196,-16,-0.505964
2197,-50,-1.58114
2198,22,0.695701
2199,52,1.64438
2200,-2,-0.0632456
2201,4,0.126491
2202,-8,-0.252982
2203,86,2.71956
2204,14,0.442719
2205,-34,-1.07517
2206,-30,-0.948683
2207,50,1.58114
2208,-36,-1.13842
2209,70,2.21359
2210,26,0.822192
2211,-38,-1.20167
2212,-46,-1.45465
2213,4,0.126491
2214,12,0.379473
2215,-18,-0.56921
2216,-20,-0.632456
2217,-18,-0.56921
2218,20,0.632456
2219,10,0.316228
2220,-34,-1.07517
2221,20,0.632456
2222,14,0.442719
2223,-68,-2.15035
2224,12,0.379473
2225,-2,-0.0632456
2226,18,0.56921
2227,-76,-2.40333
2228,-12,-0.379473
2229,-32,-1.01193
2230,30,0.948683
2231,8,0.252982
2232,-20,-0.632456
2233,4,0.126491
2234,-16,-0.505964
2235,-36,-1.13842
2236,26,0.822192
2237,74,2.34009
2238,34,1.07517
2239,-28,-0.885438
2240,34,1.07517
2241,18,0.56921
2242,16,0.505964
2243,28,0.885438
2244,-10,-0.316228
2245,36,1.13842
2246,-30,-0.948683
2247,18,0.56921
2248,34,1.07517
2249,2,0.0632456
2250,-4,-0.126491
2251,42,1.32816
2252,-8,-0.252982
2253,46,1.45465
2254,42,1.32816
2255,-6,-0.189737
2256,30,0.948683
2257,-40,-1.26491
2258,-26,-0.822192
2259,-38,-1.20167
2260,-4,-0.126491
2261,-26,-0.822192
2262,14,0.442719
2263,48,1.51789
2264,52,1.64438
2265,-26,-0.822192
2266,-12,-0.379473
2267,6,0.189737
2268,16,0.505964
2269,-28,-0.885438
2270,-44,-1.3914
2271,8,0.252982
2272,18,0.56921
2273,14,0.442719
2274,-28,-0.885438
2275,44,1.3914
2276,26,0.822192
2277,10,0.316228
2278,-30,-0.948683
2279,38,1.20167
2280,68,2.15035
2281,6,0.189737
2282,-6,-0.189737
2283,32,1.01193
2284,2,0.0632456
2285,-4,-0.126491
2286,-18,-0.56921
2287,-46,-1.45465
2288,-18,-0.56921
2289,-22,-0.695701
2290,-20,-0.632456
2291,-46,-1.45465
2292,-50,-1.58114
2293,-2,-0.0632456
2294,58,1.83412
2295,64,2.02386
2296,22,0.695701
2297,8,0.252982
2298,10,0.316228
2299,-46,-1.45465
2300,-12,-0.379473
2301,-26,-0.822192
2302,28,0.885438
2303,-16,-0.505964
2304,6,0.189737
2305,-4,-0.126491
2306,0,0
2307,-4,-0.126491
2308,44,1.3914
2309,-16,-0.505964
2310,-18,-0.56921
2311,-2,-0.0632456
2312,-44,-1.3914
2313,-26,-0.822192
2314,30,0.948683
2315,26,0.822192
2316,-24,-0.758947
2317,-16,-0.505964
2318,-8,-0.252982
2319,48,1.51789
2320,-18,-0.56921
2321,-34,-1.07517
2322,-24,-0.758947
2323,2,0.0632456
2324,10,0.316228
2325,12,0.379473
2326,-36,-1.13842
2327,34,1.07517
2328,16,0.505964
2329,-50,-1.58114
2330,0,0
2331,0,0
2332,46,1.45465
2333,-22,-0.695701
2334,32,1.01193
2335,58,1.83412
2336,-58,-1.83412
2337,20,0.632456
2338,-50,-1.58114
2339,-24,-0.758947
2340,40,1.26491
2341,46,1.45465
2342,2,0.0632456
2343,8,0.252982
2344,36,1.13842
2345,-26,-0.822192
2346,-56,-1.77088
2347,30,0.948683
2348,-6,-0.189737
2349,-62,-1.96061
2350,-30,-0.948683
2351,-16,-0.505964
2352,14,0.442719
2353,-4,-0.126491
2354,52,1.64438
2355,-14,-0.442719
2356,2,0.0632456
2357,38,1.20167
2358,-10,-0.316228
2359,-56,-1.77088
2360,28,0.885438
2361,38,1.20167
2362,-6,-0.189737
2363,30,0.948683
2364,20,0.632456
2365,-42,-1.32816
2366,16,0.505964
2367,12,0.379473
2368,-40,-1.26491
2369,-8,-0.252982
2370,-38,-1.20167
2371,-32,-1.01193
2372,30,0.948683
2373,16,0.505964
2374,-38,-1.20167
2375,0,0
2376,-48,-1.51789
2377,-6,-0.189737
2378,-8,-0.252982
2379,46,1.45465
2380,-52,-1.64438
2381,26,0.822192
2382,-48,-1.51789
2383,12,0.379473
2384,30,0.948683
2385,22,0.695701
2386,14,0.442719
2387,-10,-0.316228
2388,-42,-1.32816
2389,14,0.442719
2390,-6,-0.189737
2391,16,0.505964
2392,66,2.0871
2393,-4,-0.126491
2394,12,0.379473
2395,16,0.505964
2396,-56,-1.77088
2397,6,0.189737
2398,-14,-0.442719
2399,-12,-0.379473
2400,12,0.379473
2401,-48,-1.51789
2402,12,0.379473
2403,-6,-0.189737
2404,-2,-0.0632456
2405,30,0.948683
2406,4,0.126491
2407,10,0.316228
2408,-10,-0.316228
2409,-8,-0.252982
2410,4,0.126491
2411,52,1.64438
2412,-38,-1.20167
2413,6,0.189737
2414,14,0.442719
2415,-14,-0.442719
2416,-8,-0.252982
2417,60,1.89737
2418,26,0.822192
2419,-12,-0.379473
2420,62,1.96061
2421,50,1.58114
2422,14,0.442719
2423,-28,-0.885438
2424,8,0.252982
2425,10,0.316228
2426,-2,-0.0632456
2427,-8,-0.252982
2428,-36,-1.13842
2429,32,1.01193
2430,-2,-0.0632456
2431,48,1.51789
2432,-8,-0.252982
2433,14,0.442719
2434,4,0.126491
2435,6,0.189737
2436,32,1.01193
2437,-22,-0.695701
2438,4,0.126491
2439,22,0.695701
2440,-20,-0.632456
2441,-6,-0.189737
2442,-50,-1.58114
2443,-4,-0.126491
2444,-58,-1.83412
2445,52,1.64438
2446,-4,-0.126491
2447,-22,-0.695701
2448,30,0.948683
2449,54,1.70763
2450,-12,-0.379473
2451,-68,-2.15035
2452,-10,-0.316228
2453,-22,-0.695701
2454,-20,-0.632456
2455,24,0.758947
2456,-14,-0.442719
2457,-28,-0.885438
2458,78,2.46658
2459,40,1.26491
2460,40,1.26491
2461,-36,-1.13842
2462,92,2.9093
2463,8,0.252982
2464,12,0.379473
2465,42,1.32816
2466,-26,-0.822192
2467,12,0.379473
2468,-6,-0.189737
2469,44,1.3914
2470,34,1.07517
2471,-46,-1.45465
2472,-26,-0.822192
2473,-4,-0.126491
2474,-8,-0.252982
2475,20,0.632456
2476,58,1.83412
2477,-16,-0.505964
2478,-40,-1.26491
2479,-12,-0.379473
2480,-58,-1.83412
2481,-6,-0.189737
2482,-42,-1.32816
2483,-74,-2.34009
2484,34,1.07517
2485,-10,-0.316228
2486,0,0
2487,-56,-1.77088
2488,-60,-1.89737
2489,6,0.189737
2490,2,0.0632456
2491,-10,-0.316228
2492,12,0.379473
2493,18,0.56921
2494,72,2.27684
2495,-26,-0.822192
2496,-4,-0.126491
2497,54,1.70763
2498,-22,-0.695701
2499,40,1.26491
2500,-24,-0.758947
2501,-36,-1.13842
2502,-20,-0.632456
2503,-10,-0.316228
2504,-4,-0.126491
2505,0,0
2506,-2,-0.0632456
2507,-32,-1.01193
2508,34,1.07517
2509,6,0.189737
2510,14,0.442719
2511,-6,-0.189737
2512,36,1.13842
2513,52,1.64438
2514,10,0.316228
2515,-62,-1.96061
2516,46,1.45465
2517,46,1.45465
2518,-44,-1.3914
2519,38,1.20167
2520,-32,-1.01193
2521,-40,-1.26491
2522,-16,-0.505964
2523,22,0.695701
2524,-26,-0.822192
2525,-56,-1.77088
2526,14,0.442719
2527,0,0
2528,-16,-0.505964
2529,74,2.34009
2530,52,1.64438
2531,-8,-0.252982
2532,-10,-0.316228
2533,16,0.505964
2534,42,1.32816
2535,0,0
2536,-16,-0.505964
2537,-40,-1.26491
2538,-12,-0.379473
2539,20,0.632456
2540,36,1.13842
2541,-30,-0.948683
2542,-16,-0.505964
2543,-16,-0.505964
2544,-30,-0.948683
2545,36,1.13842
2546,28,0.885438
2547,50,1.58114
2548,-10,-0.316228
2549,52,1.64438
2550,-16,-0.505964
2551,6,0.189737
2552,-2,-0.0632456
2553,-14,-0.442719
2554,8,0.252982
2555,38,1.20167
2556,-10,-0.316228
2557,-40,-1.26491
2558,-60,-1.89737
2559,-38,-1.20167
2560,-22,-0.695701
2561,12,0.379473
2562,4,0.126491
2563,24,0.758947
2564,-20,-0.632456
2565,12,0.379473
2566,-12,-0.379473
2567,-6,-0.189737
2568,-2,-0.0632456
2569,-4,-0.126491
2570,26,0.822192
2571,32,1.01193
2572,0,0
2573,0,0
2574,20,0.632456
2575,16,0.505964
2576,-60,-1.89737
2577,30,0.948683
2578,8,0.252982
2579,-40,-1.26491
2580,22,0.695701
2581,28,0.885438
2582,-6,-0.189737
2583,24,0.758947
2584,0,0
2585,-10,-0.316228
2586,-70,-2.21359
2587,36,1.13842
2588,12,0.379473
2589,-18,-0.56921
2590,16,0.505964
2591,6,0.189737
2592,0,0
2593,76,2.40333
2594,16,0.505964
2595,6,0.189737
2596,34,1.07517
2597,-10,-0.316228
2598,-2,-0.0632456
2599,38,1.20167
2600,-38,-1.20167
2601,8,0.252982
2602,-2,-0.0632456
2603,-30,-0.948683
2604,2,0.0632456
2605,24,0.758947
2606,-14,-0.442719
2607,62,1.96061
2608,-44,-1.3914
2609,-18,-0.56921
2610,4,0.126491
2611,48,1.51789
2612,-20,-0.632456
2613,70,2.21359
2614,-20,-0.632456
2615,4,0.126491
2616,-14,-0.442719
2617,-36,-1.13842
2618,-52,-1.64438
2619,26,0.822192
2620,48,1.51789
2621,-30,-0.948683
2622,22,0.695701
2623,-52,-1.64438
2624,-12,-0.379473
2625,-12,-0.379473
2626,-6,-0.189737
2627,-34,-1.07517
2628,10,0.316228
2629,-14,-0.442719
2630,-14,-0.442719
2631,-30,-0.948683
2632,-78,-2.46658
2633,-8,-0.252982
2634,-24,-0.758947
2635,28,0.885438
2636,-14,-0.442719
2637,-12,-0.379473
2638,-18,-0.56921
2639,-14,-0.442719
2640,40,1.26491
2641,32,1.01193
2642,-34,-1.07517
2643,-14,-0.442719
2644,46,1.45465
2645,32,1.01193
2646,-22,-0.695701
2647,-30,-0.948683
2648,8,0.252982
2649,30,0.948683
2650,40,1.26491
2651,20,0.632456
2652,-24,-0.758947
2653,-4,-0.126491
2654,-2,-0.0632456
2655,24,0.758947
2656,-16,-0.505964
2657,-8,-0.252982
2658,-6,-0.189737
2659,-38,-1.20167
2660,-14,-0.442719
2661,22,0.695701
2662,-24,-0.758947
2663,-16,-0.505964
2664,82,2.59307
2665,-2,-0.0632456
2666,-18,-0.56921
2667,-16,-0.505964
2668,-86,-2.71956
2669,98,3.09903
2670,-8,-0.252982
2671,-80,-2.52982
2672,-32,-1.01193
2673,54,1.70763
2674,0,0
2675,-2,-0.0632456
2676,8,0.252982
2677,-32,-1.01193
2678,-10,-0.316228
2679,52,1.64438
2680,2,0.0632456
2681,40,1.26491
2682,16,0.505964
2683,18,0.56921
2684,68,2.15035
2685,16,0.505964
2686,-10,-0.316228
2687,38,1.20167
2688,20,0.632456
2689,-14,-0.442719
2690,36,1.13842
2691,54,1.70763
2692,-38,-1.20167
2693,-46,-1.45465
2694,-14,-0.442719
2695,-24,-0.758947
2696,-46,-1.45465
2697,-26,-0.822192
2698,2,0.0632456
2699,10,0.316228
2700,-12,-0.379473
2701,-16,-0.505964
2702,-10,-0.316228
2703,-30,-0.948683
2704,-24,-0.758947
2705,-16,-0.505964
2706,-28,-0.885438
2707,34,1.07517
2708,-14,-0.442719
2709,-42,-1.32816
2710,28,0.885438
2711,10,0.316228
2712,-56,-1.77088
2713,-8,-0.252982
2714,46,1.45465
2715,4,0.126491
2716,12,0.379473
2717,12,0.379473
2718,4,0.126491
2719,8,0.252982
2720,-8,-0.252982
2721,-98,-3.09903
2722,-22,-0.695701
2723,18,0.56921
2724,52,1.64438
2725,-14,-0.442719
2726,-32,-1.01193
2727,64,2.02386
2728,72,2.27684
2729,8,0.252982
2730,46,1.45465
2731,42,1.32816
2732,-6,-0.189737
2733,26,0.822192
2734,0,0
2735,-22,-0.695701
2736,14,0.442719
2737,6,0.189737
2738,-68,-2.15035
2739,-10,-0.316228
2740,-38,-1.20167
2741,-14,-0.442719
2742,-66,-2.0871
2743,-38,-1.20167
2744,-22,-0.695701
2745,0,0
2746,-76,-2.40333
2747,-4,-0.126491
2748,12,0.379473
2749,6,0.189737
2750,-6,-0.189737
2751,-16,-0.505964
2752,26,0.822192
2753,-20,-0.632456
2754,-14,-0.442719
2755,-12,-0.379473
2756,-10,-0.316228
2757,72,2.27684
2758,38,1.20167
2759,64,2.02386
2760,80,2.52982
2761,10,0.316228
2762,-58,-1.83412
2763,-10,-0.316228
2764,-34,-1.07517
2765,-20,-0.632456
2766,2,0.0632456
2767,0,0
2768,-2,-0.0632456
2769,-10,-0.316228
2770,4,0.126491
2771,-46,-1.45465
2772,2,0.0632456
2773,50,1.58114
2774,-100,-3.16228
2775,32,1.01193
2776,-18,-0.56921
2777,-46,-1.45465
2778,4,0.126491
2779,-70,-2.21359
2780,-8,-0.252982
2781,-10,-0.316228
2782,24,0.758947
2783,-48,-1.51789
2784,-46,-1.45465
2785,-44,-1.3914
2786,2,0.0632456
2787,-44,-1.3914
2788,-18,-0.56921
2789,16,0.505964
2790,52,1.64438
2791,22,0.695701
2792,10,0.316228
2793,0,0
2794,102,3.22552
2795,42,1.32816
2796,-14,-0.442719
2797,16,0.505964
2798,-24,-0.758947
2799,-18,-0.56921
2800,4,0.126491
2801,20,0.632456
2802,-6,-0.189737
2803,36,1.13842
2804,-18,-0.56921
2805,-22,-0.695701
2806,0,0
2807,30,0.948683
2808,-18,-0.56921
2809,44,1.3914
2810,62,1.96061
2811,78,2.46658
2812,0,0
2813,74,2.34009
2814,-34,-1.07517
2815,-34,-1.07517
2816,-2,-0.0632456
2817,-12,-0.379473
2818,-60,-1.89737
2819,-30,-0.948683
2820,6,0.189737
2821,40,1.26491
2822,-2,-0.0632456
2823,10,0.316228
2824,24,0.758947
2825,32,1.01193
2826,26,0.822192
2827,-12,-0.379473
2828,38,1.20167
2829,-6,-0.189737
2830,-2,-0.0632456
2831,2,0.0632456
2832,-52,-1.64438
2833,38,1.20167
2834,0,0
2835,14,0.442719
2836,-76,-2.40333
2837,-16,-0.505964
2838,-46,-1.45465
2839,-12,-0.379473
2840,-8,-0.252982
2841,14,0.442719
2842,-6,-0.189737
2843,-44,-1.3914
2844,-30,-0.948683
2845,28,0.885438
2846,-4,-0.126491
2847,-36,-1.13842
2848,70,2.21359
2849,28,0.885438
2850,-4,-0.126491
2851,26,0.822192
2852,18,0.56921
2853,54,1.70763
2854,6,0.189737
2855,-14,-0.442719
2856,6,0.189737
2857,-20,-0.632456
2858,18,0.56921
2859,-22,-0.695701
2860,-38,-1.20167
2861,34,1.07517
2862,-102,-3.22552
2863,22,0.695701
2864,2,0.0632456
2865,-34,-1.07517
2866,-24,-0.758947
2867,-24,-0.758947
2868,24,0.758947
2869,2,0.0632456
2870,8,0.252982
2871,0,0
2872,14,0.442719
2873,-24,-0.758947
2874,14,0.442719
2875,-40,-1.26491
2876,-38,-1.20167
2877,-6,-0.189737
2878,-14,-0.442719
2879,-6,-0.189737
2880,34,1.07517
2881,38,1.20167
2882,2,0.0632456
2883,-34,-1.07517
2884,-60,-1.89737
2885,34,1.07517
2886,-4,-0.126491
2887,18,0.56921
2888,10,0.316228
2889,4,0.126491
2890,54,1.70763
2891,8,0.252982
2892,-34,-1.07517
2893,26,0.822192
2894,32,1.01193
2895,-8,-0.252982
2896,-6,-0.189737
2897,-40,-1.26491
2898,10,0.316228
2899,18,0.56921
2900,-38,-1.20167
2901,-12,-0.379473
2902,-10,-0.316228
2903,12,0.379473
2904,-44,-1.3914
2905,6,0.189737
2906,16,0.505964
2907,-4,-0.126491
2908,-6,-0.189737
2909,46,1.45465
2910,-44,-1.3914
2911,-46,-1.45465
2912,72,2.27684
2913,-24,-0.758947
2914,-16,-0.505964
2915,46,1.45465
2916,-18,-0.56921
2917,12,0.379473
2918,14,0.442719
2919,-52,-1.64438
2920,-24,-0.758947
2921,-26,-0.822192
2922,-8,-0.252982
2923,0,0
2924,14,0.442719
2925,-8,-0.252982
2926,44,1.3914
2927,-52,-1.64438
2928,28,0.885438
2929,-12,-0.379473
2930,56,1.77088
2931,-12,-0.379473
2932,38,1.20167
2933,68,2.15035
2934,-6,-0.189737
2935,32,1.01193
2936,10,0.316228
2937,4,0.126491
2938,12,0.379473
2939,-22,-0.695701
2940,-52,-1.64438
2941,-40,-1.26491
2942,-22,-0.695701
2943,40,1.26491
2944,-24,-0.758947
2945,14,0.442719
2946,-14,-0.442719
2947,-42,-1.32816
2948,-30,-0.948683
2949,-6,-0.189737
2950,44,1.3914
2951,50,1.58114
2952,28,0.885438
2953,-6,-0.189737
2954,30,0.948683
2955,6,0.189737
2956,88,2.7828
2957,46,1.45465
2958,4,0.126491
2959,-22,-0.695701
2960,-8,-0.252982
2961,32,1.01193
2962,-16,-0.505964
2963,8,0.252982
2964,-38,-1.20167
2965,6,0.189737
2966,32,1.01193
2967,-36,-1.13842
2968,26,0.822192
2969,26,0.822192
2970,40,1.26491
2971,4,0.126491
2972,-38,-1.20167
2973,14,0.442719
2974,32,1.01193
2975,24,0.758947
2976,-34,-1.07517
2977,4,0.126491
2978,-10,-0.316228
2979,-22,-0.695701
2980,-38,-1.20167
2981,24,0.758947
2982,-40,-1.26491
2983,60,1.89737
2984,30,0.948683
2985,-38,-1.20167
2986,26,0.822192
2987,-48,-1.51789
2988,-14,-0.442719
2989,50,1.58114
2990,-22,-0.695701
2991,-16,-0.505964
2992,-14,-0.442719
2993,4,0.126491
2994,72,2.27684
2995,16,0.505964
2996,56,1.77088
2997,40,1.26491
2998,-18,-0.56921
2999,62,1.96061
3000,-40,-1.26491
3001,-34,-1.07517
3002,62,1.96061
3003,36,1.13842
3004,6,0.189737
3005,4,0.126491
3006,-18,-0.56921
3007,12,0.379473
3008,54,1.70763
3009,34,1.07517
3010,-10,-0.316228
3011,-2,-0.0632456
3012,-12,-0.379473
3013,-14,-0.442719
3014,24,0.758947
3015,14,0.442719
3016,-2,-0.0632456
3017,34,1.07517
3018,12,0.379473
3019,-12,-0.379473
3020,6,0.189737
3021,6,0.189737
3022,0,0
3023,-18,-0.56921
3024,8,0.252982
3025,30,0.948683
3026,64,2.02386
3027,20,0.632456
3028,-40,-1.26491
3029,-62,-1.96061
3030,-42,-1.32816
3031,-4,-0.126491
3032,-52,-1.64438
3033,6,0.189737
3034,-24,-0.758947
3035,-32,-1.01193
3036,18,0.56921
3037,24,0.758947
3038,6,0.189737
3039,-38,-1.20167
3040,24,0.758947
3041,-40,-1.26491
3042,52,1.64438
3043,22,0.695701
3044,-6,-0.189737
3045,-32,-1.01193
3046,40,1.26491
3047,-28,-0.885438
3048,4,0.126491
3049,2,0.0632456
3050,36,1.13842
3051,-46,-1.45465
3052,-32,-1.01193
3053,36,1.13842
3054,36,1.13842
3055,-12,-0.379473
3056,22,0.695701
3057,-4,-0.126491
3058,20,0.632456
3059,-20,-0.632456
3060,20,0.632456
3061,-2,-0.0632456
3062,8,0.252982
3063,-24,-0.758947
3064,10,0.316228
3065,-52,-1.64438
3066,32,1.01193
3067,-6,-0.189737
3068,42,1.32816
3069,-10,-0.316228
3070,12,0.379473
3071,40,1.26491
3072,16,0.505964
3073,-2,-0.0632456
3074,40,1.26491
3075,32,1.01193
3076,-82,-2.59307
3077,6,0.189737
3078,20,0.632456
3079,-28,-0.885438
3080,20,0.632456
3081,26,0.822192
3082,-24,-0.758947
3083,20,0.632456
3084,-28,-0.885438
3085,14,0.442719
3086,26,0.822192
3087,-24,-0.758947
3088,20,0.632456
3089,-22,-0.695701
3090,50,1.58114
3091,72,2.27684
3092,56,1.77088
3093,-82,-2.59307
3094,-48,-1.51789
3095,-40,-1.26491
3096,-54,-1.70763
3097,20,0.632456
3098,0,0
3099,0,0
3100,-4,-0.126491
3101,-20,-0.632456
3102,-10,-0.316228
3103,-10,-0.316228
3104,66,2.0871
3105,-16,-0.505964
3106,-34,-1.07517
3107,-18,-0.56921
3108,4,0.126491
3109,-14,-0.442719
3110,12,0.379473
3111,-14,-0.442719
3112,-22,-0.695701
3113,18,0.56921
3114,-20,-0.632456
3115,58,1.83412
3116,2,0.0632456
3117,-18,-0.56921
3118,-30,-0.948683
3119,4,0.126491
3120,-8,-0.252982
3121,-52,-1.64438
3122,10,0.316228
3123,-12,-0.379473
3124,14,0.442719
3125,-18,-0.56921
3126,-40,-1.26491
3127,-26,-0.822192
3128,18,0.56921
3129,30,0.948683
3130,-2,-0.0632456
3131,6,0.189737
3132,-24,-0.758947
3133,-18,-0.56921
3134,12,0.379473
3135,52,1.64438
3136,-22,-0.695701
3137,16,0.505964
3138,-30,-0.948683
3139,-52,-1.64438
3140,-48,-1.51789
3141,30,0.948683
3142,6,0.189737
3143,-2,-0.0632456
3144,-14,-0.442719
3145,-40,-1.26491
3146,2,0.0632456
3147,16,0.505964
3148,-40,-1.26491
3149,-4,-0.126491
3150,6,0.189737
3151,10,0.316228
3152,4,0.126491
3153,34,1.07517
3154,-12,-0.379473
3155,36,1.13842
3156,62,1.96061
3157,4,0.126491
3158,6,0.189737
3159,-48,-1.51789
3160,-44,-1.3914
3161,-66,-2.0871
3162,-32,-1.01193
3163,-10,-0.316228
3164,-4,-0.126491
3165,-24,-0.758947
3166,-30,-0.948683
3167,56,1.77088
3168,14,0.442719
3169,10,0.316228
3170,14,0.442719
3171,28,0.885438
3172,-26,-0.822192
3173,44,1.3914
3174,18,0.56921
3175,-8,-0.252982
3176,-44,-1.3914
3177,-24,-0.758947
3178,70,2.21359
3179,-16,-0.505964
3180,54,1.70763
3181,-46,-1.45465
3182,16,0.505964
3183,-28,-0.885438
3184,-78,-2.46658
3185,36,1.13842
3186,42,1.32816
3187,-20,-0.632456
3188,4,0.126491
3189,-26,-0.822192
3190,-32,-1.01193
3191,54,1.70763
3192,-2,-0.0632456
3193,-22,-0.695701
3194,-34,-1.07517
3195,24,0.758947
3196,-56,-1.77088
3197,-42,-1.32816
3198,-16,-0.505964
3199,-8,-0.252982
3200,-6,-0.189737
3201,48,1.51789
3202,70,2.21359
3203,10,0.316228
3204,-30,-0.948683
3205,-24,-0.758947
3206,8,0.252982
3207,-46,-1.45465
3208,22,0.695701
3209,-36,-1.13842
3210,2,0.0632456
3211,-18,-0.56921
3212,2,0.0632456
3213,28,0.885438
3214,-24,-0.758947
3215,30,0.948683
3216,18,0.56921
3217,-46,-1.45465
3218,-22,-0.695701
3219,-46,-1.45465
3220,6,0.189737
3221,-6,-0.189737
3222,66,2.0871
3223,66,2.0871
3224,-4,-0.126491
3225,-20,-0.632456
3226,-2,-0.0632456
3227,8,0.252982
3228,-52,-1.64438
3229,-14,-0.442719
3230,-22,-0.695701
3231,-8,-0.252982
3232,26,0.822192
3233,34,1.07517
3234,-28,-0.885438
3235,-28,-0.885438
3236,-26,-0.822192
3237,-60,-1.89737
3238,-52,-1.64438
3239,44,1.3914
3240,64,2.02386
3241,-40,-1.26491
3242,14,0.442719
3243,-42,-1.32816
3244,-92,-2.9093
3245,8,0.252982
3246,-18,-0.56921
3247,-10,-0.316228
3248,-2,-0.0632456
3249,76,2.40333
3250,16,0.505964
3251,-2,-0.0632456
3252,14,0.442719
3253,-46,-1.45465
3254,26,0.822192
3255,-8,-0.252982
3256,-54,-1.70763
3257,-56,-1.77088
3258,26,0.822192
3259,0,0
3260,-6,-0.189737
3261,-42,-1.32816
3262,-52,-1.64438
3263,-40,-1.26491
3264,84,2.65631
3265,32,1.01193
3266,8,0.252982
3267,40,1.26491
3268,-20,-0.632456
3269,40,1.26491
3270,-54,-1.70763
3271,-10,-0.316228
3272,-18,-0.56921
3273,18,0.56921
3274,-24,-0.758947
3275,10,0.316228
3276,-2,-0.0632456
3277,10,0.316228
3278,-24,-0.758947
3279,-20,-0.632456
3280,-76,-2.40333
3281,-12,-0.379473
3282,-6,-0.189737
3283,-14,-0.442719
3284,-28,-0.885438
3285,62,1.96061
3286,6,0.189737
3287,-90,-2.84605
3288,-22,-0.695701
3289,42,1.32816
3290,-50,-1.58114
3291,24,0.758947
3292,28,0.885438
3293,-10,-0.316228
3294,20,0.632456
3295,-22,-0.695701
3296,18,0.56921
3297,-44,-1.3914
3298,30,0.948683
3299,-34,-1.07517
3300,6,0.189737
3301,10,0.316228
3302,38,1.20167
3303,36,1.13842
3304,50,1.58114
3305,8,0.252982
3306,-2,-0.0632456
3307,-14,-0.442719
3308,6,0.189737
3309,40,1.26491
3310,-18,-0.56921
3311,-16,-0.505964
3312,-44,-1.3914
3313,-34,-1.07517
3314,-20,-0.632456
3315,8,0.252982
3316,-18,-0.56921
3317,10,0.316228
3318,2,0.0632456
3319,0,0
3320,-6,-0.189737
3321,4,0.126491
3322,16,0.505964
3323,-4,-0.126491
3324,-20,-0.632456
3325,-28,-0.885438
3326,-68,-2.15035
3327,-58,-1.83412
3328,36,1.13842
3329,-32,-1.01193
3330,-12,-0.379473
3331,52,1.64438
3332,6,0.189737
3333,-4,-0.126491
3334,0,0
3335,-24,-0.758947
3336,-2,-0.0632456
3337,-32,-1.01193
3338,-44,-1.3914
3339,16,0.505964
3340,-16,-0.505964
3341,16,0.505964
3342,-16,-0.505964
3343,40,1.26491
3344,-8,-0.252982
3345,-76,-2.40333
3346,-22,-0.695701
3347,14,0.442719
3348,8,0.252982
3349,34,1.07517
3350,-8,-0.252982
3351,-30,-0.948683
3352,-2,-0.0632456
3353,28,0.885438
3354,6,0.189737
3355,52,1.64438
3356,80,2.52982
3357,-12,-0.379473
3358,-34,-1.07517
3359,-30,-0.948683
3360,34,1.07517
3361,-12,-0.379473
3362,10,0.316228
3363,-26,-0.822192
3364,-6,-0.189737
3365,-24,-0.758947
3366,-12,-0.379473
3367,0,0
3368,26,0.822192
3369,-4,-0.126491
3370,14,0.442719
3371,16,0.505964
3372,2,0.0632456
3373,-22,-0.695701
3374,62,1.96061
3375,-62,-1.96061
3376,12,0.379473
3377,10,0.316228
3378,18,0.56921
3379,-36,-1.13842
3380,60,1.89737
3381,-10,-0.316228
3382,-2,-0.0632456
3383,-12,-0.379473
3384,0,0
3385,-24,-0.758947
3386,-18,-0.56921
3387,32,1.01193
3388,0,0
3389,-78,-2.46658
3390,-30,-0.948683
3391,-18,-0.56921
3392,-18,-0.56921
3393,24,0.758947
3394,-32,-1.01193
3395,38,1.20167
3396,-26,-0.822192
3397,42,1.32816
3398,30,0.948683
3399,-20,-0.632456
3400,-40,-1.26491
3401,-12,-0.379473
3402,6,0.189737
3403,60,1.89737
3404,-54,-1.70763
3405,4,0.126491
3406,-12,-0.379473
3407,-12,-0.379473
3408,44,1.3914
3409,-30,-0.948683
3410,-10,-0.316228
3411,60,1.89737
3412,-32,-1.01193
3413,-30,-0.948683
3414,60,1.89737
3415,-14,-0.442719
3416,22,0.695701
3417,-34,-1.07517
3418,-46,-1.45465
3419,-56,-1.77088
3420,14,0.442719
3421,12,0.379473
3422,22,0.695701
3423,4,0.126491
3424,80,2.52982
3425,20,0.632456
3426,2,0.0632456
3427,20,0.632456
3428,-34,-1.07517
3429,14,0.442719
3430,42,1.32816
3431,38,1.20167
3432,-4,-0.126491
3433,46,1.45465
3434,-48,-1.51789
3435,-8,-0.252982
3436,-48,-1.51789
3437,16,0.505964
3438,-4,-0.126491
3439,-14,-0.442719
3440,8,0.252982
3441,-16,-0.505964
3442,-26,-0.822192
3443,-36,-1.13842
3444,12,0.379473
3445,18,0.56921
3446,32,1.01193
3447,-2,-0.0632456
3448,76,2.40333
3449,22,0.695701
3450,-6,-0.189737
3451,-10,-0.316228
3452,28,0.885438
3453,-28,-0.885438
3454,24,0.758947
3455,40,1.26491
3456,60,1.89737
3457,18,0.56921
3458,-50,-1.58114
3459,4,0.126491
3460,-16,-0.505964
3461,0,0
3462,30,0.948683
3463,-32,-1.01193
3464,68,2.15035
3465,34,1.07517
3466,30,0.948683
3467,-50,-1.58114
3468,6,0.189737
3469,6,0.189737
3470,-26,-0.822192
3471,-6,-0.189737
3472,52,1.64438
3473,-30,-0.948683
3474,34,1.07517
3475,-50,-1.58114
3476,44,1.3914
3477,-28,-0.885438
3478,-16,-0.505964
3479,2,0.0632456
3480,0,0
3481,-18,-0.56921
3482,-18,-0.56921
3483,-20,-0.632456
3484,28,0.885438
3485,46,1.45465
3486,36,1.13842
3487,-30,-0.948683
3488,-2,-0.0632456
3489,54,1.70763
3490,-68,-2.15035
3491,2,0.0632456
3492,2,0.0632456
3493,-24,-0.758947
3494,52,1.64438
3495,8,0.252982
3496,56,1.77088
3497,38,1.20167
3498,-4,-0.126491
3499,-24,-0.758947
3500,0,0
3501,-60,-1.89737
3502,-24,-0.758947
3503,8,0.252982
3504,6,0.189737
3505,-28,-0.885438
3506,-28,-0.885438
3507,38,1.20167
3508,-32,-1.01193
3509,38,1.20167
3510,0,0
3511,-18,-0.56921
3512,28,0.885438
3513,-10,-0.316228
3514,-44,-1.3914
3515,48,1.51789
3516,-10,-0.316228
3517,2,0.0632456
3518,26,0.822192
3519,6,0.189737
3520,-60,-1.89737
3521,-16,-0.505964
3522,-6,-0.189737
3523,-2,-0.0632456
3524,16,0.505964
3525,-30,-0.948683
3526,2,0.0632456
3527,10,0.316228
3528,40,1.26491
3529,-26,-0.822192
3530,-58,-1.83412
3531,-68,-2.15035
3532,-12,-0.379473
3533,44,1.3914
3534,-28,-0.885438
3535,-22,-0.695701
3536,82,2.59307
3537,12,0.379473
3538,-74,-2.34009
3539,-18,-0.56921
3540,12,0.379473
3541,-28,-0.885438
3542,30,0.948683
3543,44,1.3914
3544,2,0.0632456
3545,-36,-1.13842
3546,48,1.51789
3547,-40,-1.26491
3548,-52,-1.64438
3549,28,0.885438
3550,44,1.3914
3551,46,1.45465
3552,14,0.442719
3553,-2,-0.0632456
3554,-58,-1.83412
3555,12,0.379473
3556,-16,-0.505964
3557,34,1.07517
3558,20,0.632456
3559,-2,-0.0632456
3560,-10,-0.316228
3561,22,0.695701
3562,38,1.20167
3563,18,0.56921
3564,-12,-0.379473
3565,-18,-0.56921
3566,20,0.632456
3567,-22,-0.695701
3568,-24,-0.758947
3569,22,0.695701
3570,-20,-0.632456
3571,0,0
3572,14,0.442719
3573,-48,-1.51789
3574,-16,-0.505964
3575,-66,-2.0871
3576,14,0.442719
3577,-28,-0.885438
3578,64,2.02386
3579,20,0.632456
3580,24,0.758947
3581,-2,-0.0632456
3582,24,0.758947
3583,0,0
3584,8,0.252982
3585,-80,-2.52982
3586,-4,-0.126491
3587,2,0.0632456
3588,-2,-0.0632456
3589,-34,-1.07517
3590,16,0.505964
3591,-26,-0.822192
3592,-34,-1.07517
3593,20,0.632456
3594,-2,-0.0632456
3595,0,0
3596,-52,-1.64438
3597,-42,-1.32816
3598,-38,-1.20167
3599,-14,-0.442719
3600,42,1.32816
3601,-30,-0.948683
3602,-16,-0.505964
3603,0,0
3604,-84,-2.65631
3605,-4,-0.126491
3606,40,1.26491
3607,12,0.379473
3608,-10,-0.316228
3609,-6,-0.189737
3610,16,0.505964
3611,-40,-1.26491
3612,32,1.01193
3613,-52,-1.64438
3614,50,1.58114
3615,-6,-0.189737
3616,6,0.189737
3617,-26,-0.822192
3618,-62,-1.96061
3619,2,0.0632456
3620,-10,-0.316228
3621,-28,-0.885438
3622,32,1.01193
3623,10,0.316228
3624,-18,-0.56921
3625,-14,-0.442719
3626,-74,-2.34009
3627,38,1.20167
3628,18,0.56921
3629,2,0.0632456
3630,58,1.83412
3631,-12,-0.379473
3632,24,0.758947
3633,-10,-0.316228
3634,24,0.758947
3635,-6,-0.189737
3636,-44,-1.3914
3637,-44,-1.3914
3638,-26,-0.822192
3639,54,1.70763
3640,14,0.442719
3641,60,1.89737
3642,-16,-0.505964
3643,-34,-1.07517
3644,48,1.51789
3645,24,0.758947
3646,4,0.126491
3647,14,0.442719
3648,26,0.822192
3649,2,0.0632456
3650,-6,-0.189737
3651,10,0.316228
3652,58,1.83412
3653,34,1.07517
3654,10,0.316228
3655,-36,-1.13842
3656,-70,-2.21359
3657,0,0
3658,-18,-0.56921
3659,44,1.3914
3660,-36,-1.13842
3661,-46,-1.45465
3662,-16,-0.505964
3663,-20,-0.632456
3664,12,0.379473
3665,-28,-0.885438
3666,-66,-2.0871
3667,32,1.01193
3668,14,0.442719
3669,10,0.316228
3670,8,0.252982
3671,2,0.0632456
3672,42,1.32816
3673,30,0.948683
3674,20,0.632456
3675,12,0.379473
3676,-60,-1.89737
3677,42,1.32816
3678,50,1.58114
3679,-54,-1.70763
3680,0,0
3681,44,1.3914
3682,-6,-0.189737
3683,8,0.252982
3684,-22,-0.695701
3685,-34,-1.07517
3686,-14,-0.442719
3687,-8,-0.252982
3688,-56,-1.77088
3689,-20,-0.632456
3690,-6,-0.189737
3691,20,0.632456
3692,8,0.252982
3693,26,0.822192
3694,12,0.379473
3695,76,2.40333
3696,4,0.126491
3697,-6,-0.189737
3698,-8,-0.252982
3699,-34,-1.07517
3700,-2,-0.0632456
3701,-32,-1.01193
3702,40,1.26491
3703,58,1.83412
3704,28,0.885438
3705,-2,-0.0632456
3706,-70,-2.21359
3707,12,0.379473
3708,28,0.885438
3709,-2,-0.0632456
3710,-34,-1.07517
3711,28,0.885438
3712,-14,-0.442719
3713,-16,-0.505964
3714,14,0.442719
3715,32,1.01193
3716,-26,-0.822192
3717,-22,-0.695701
3718,26,0.822192
3719,8,0.252982
3720,-14,-0.442719
3721,-34,-1.07517
3722,-30,-0.948683
3723,6,0.189737
3724,14,0.442719
3725,16,0.505964
3726,6,0.189737
3727,-4,-0.126491
3728,14,0.442719
3729,26,0.822192
3730,6,0.189737
3731,-24,-0.758947
3732,-36,-1.13842
3733,42,1.32816
3734,-18,-0.56921
3735,-30,-0.948683
3736,4,0.126491
3737,-32,-1.01193
3738,-28,-0.885438
3739,-20,-0.632456
3740,12,0.379473
3741,10,0.316228
3742,-26,-0.822192
3743,-50,-1.58114
3744,126,3.98447
3745,52,1.64438
3746,28,0.885438
3747,60,1.89737
3748,6,0.189737
3749,-18,-0.56921
3750,28,0.885438
3751,44,1.3914
3752,26,0.822192
3753,22,0.695701
3754,24,0.758947
3755,-54,-1.70763
3756,-10,-0.316228
3757,-16,-0.505964
3758,34,1.07517
3759,6,0.189737
3760,44,1.3914
3761,-16,-0.505964
3762,6,0.189737
3763,0,0
3764,8,0.252982
3765,-48,-1.51789
3766,-30,-0.948683
3767,-6,-0.189737
3768,-54,-1.70763
3769,52,1.64438
3770,-4,-0.126491
3771,6,0.189737
3772,46,1.45465
3773,28,0.885438
3774,36,1.13842
3775,-4,-0.126491
3776,6,0.189737
3777,-4,-0.126491
3778,36,1.13842
3779,18,0.56921
3780,-40,-1.26491
3781,-4,-0.126491
3782,-44,-1.3914
3783,-64,-2.02386
3784,6,0.189737
3785,-20,-0.632456
3786,6,0.189737
3787,-14,-0.442719
3788,28,0.885438
3789,20,0.632456
3790,14,0.442719
3791,22,0.695701
3792,2,0.0632456
3793,-14,-0.442719
3794,10,0.316228
3795,-12,-0.379473
3796,24,0.758947
3797,24,0.758947
3798,30,0.948683
3799,-12,-0.379473
3800,2,0.0632456
3801,-64,-2.02386
3802,-54,-1.70763
3803,-38,-1.20167
3804,24,0.758947
3805,-38,-1.20167
3806,62,1.96061
3807,-46,-1.45465
3808,-70,-2.21359
3809,-44,-1.3914
3810,-12,-0.379473
3811,20,0.632456
3812,18,0.56921
3813,10,0.316228
3814,4,0.126491
3815,36,1.13842
3816,-8,-0.252982
3817,-14,-0.442719
3818,40,1.26491
3819,-24,-0.758947
3820,10,0.316228
3821,-12,-0.379473
3822,-2,-0.0632456
3823,74,2.34009
3824,-42,-1.32816
3825,-20,-0.632456
3826,8,0.252982
3827,26,0.822192
3828,-6,-0.189737
3829,0,0
3830,90,2.84605
3831,18,0.56921
3832,38,1.20167
3833,4,0.126491
3834,36,1.13842
3835,18,0.56921
3836,6,0.189737
3837,24,0.758947
3838,-62,-1.96061
3839,-34,-1.07517
3840,10,0.316228
3841,-40,-1.26491
3842,26,0.822192
3843,-14,-0.442719
3844,-44,-1.3914
3845,-4,-0.126491
3846,-40,-1.26491
3847,12,0.379473
3848,-26,-0.822192
3849,0,0
3850,-24,-0.758947
3851,-36,-1.13842
3852,-18,-0.56921
3853,-32,-1.01193
3854,-30,-0.948683
3855,-60,-1.89737
3856,20,0.632456
3857,0,0
3858,10,0.316228
3859,12,0.379473
3860,-10,-0.316228
3861,-22,-0.695701
3862,-8,-0.252982
3863,-56,-1.77088
3864,-12,-0.379473
3865,-34,-1.07517
3866,-46,-1.45465
3867,18,0.56921
3868,-22,-0.695701
3869,-28,-0.885438
3870,8,0.252982
3871,-30,-0.948683
3872,54,1.70763
3873,-38,-1.20167
3874,14,0.442719
3875,4,0.126491
3876,66,2.0871
3877,-38,-1.20167
3878,-12,-0.379473
3879,-28,-0.885438
3880,-56,-1.77088
3881,46,1.45465
3882,36,1.13842
3883,48,1.51789
3884,6,0.189737
3885,-58,-1.83412
3886,-20,-0.632456
3887,-30,-0.948683
3888,22,0.695701
3889,-38,-1.20167
3890,-38,-1.20167
3891,24,0.758947
3892,-4,-0.126491
3893,48,1.51789
3894,16,0.505964
3895,20,0.632456
3896,-4,-0.126491
3897,44,1.3914
3898,-2,-0.0632456
3899,-56,-1.77088
3900,2,0.0632456
3901,0,0
3902,-44,-1.3914
3903,-8,-0.252982
3904,90,2.84605
3905,-2,-0.0632456
3906,-38,-1.20167
3907,36,1.13842
3908,26,0.822192
3909,0,0
3910,-44,-1.3914
3911,-20,-0.632456
3912,48,1.51789
3913,-6,-0.189737
3914,-14,-0.442719
3915,2,0.0632456
3916,14,0.442719
3917,54,1.70763
3918,-62,-1.96061
3919,20,0.632456
3920,26,0.822192
3921,6,0.189737
3922,-42,-1.32816
3923,10,0.316228
3924,2,0.0632456
3925,2,0.0632456
3926,-2,-0.0632456
3927,-46,-1.45465
3928,-16,-0.505964
3929,8,0.252982
3930,14,0.442719
3931,2,0.0632456
3932,20,0.632456
3933,6,0.189737
3934,-36,-1.13842
3935,18,0.56921
3936,30,0.948683
3937,26,0.822192
3938,-20,-0.632456
3939,36,1.13842
3940,-16,-0.505964
3941,56,1.77088
3942,-76,-2.40333
3943,-42,-1.32816
3944,-40,-1.26491
3945,16,0.505964
3946,-36,-1.13842
3947,16,0.505964
3948,60,1.89737
3949,-40,-1.26491
3950,20,0.632456
3951,-6,-0.189737
3952,-20,-0.632456
3953,-54,-1.70763
3954,26,0.822192
3955,-6,-0.189737
3956,16,0.505964
3957,14,0.442719
3958,42,1.32816
3959,-30,-0.948683
3960,38,1.20167
3961,44,1.3914
3962,4,0.126491
3963,-22,-0.695701
3964,36,1.13842
3965,8,0.252982
3966,-22,-0.695701
3967,10,0.316228
3968,-12,-0.379473
3969,-2,-0.0632456
3970,-12,-0.379473
3971,42,1.32816
3972,-38,-1.20167
3973,48,1.51789
3974,66,2.0871
3975,-10,-0.316228
3976,-42,-1.32816
3977,24,0.758947
3978,-12,-0.379473
3979,-20,-0.632456
3980,-62,-1.96061
3981,-42,-1.32816
3982,-6,-0.189737
3983,-30,-0.948683
3984,46,1.45465
3985,10,0.316228
3986,6,0.189737
3987,-8,-0.252982
3988,-6,-0.189737
3989,-30,-0.948683
3990,38,1.20167
3991,-30,-0.948683
3992,6,0.189737
3993,-14,-0.442719
3994,-28,-0.885438
3995,-74,-2.34009
3996,38,1.20167
3997,12,0.379473
3998,4,0.126491
3999,0,0
4000,-40,-1.26491
4001,-16,-0.505964
4002,-4,-0.126491
4003,-22,-0.695701
4004,26,0.822192
4005,-12,-0.379473
4006,28,0.885438
4007,2,0.0632456
4008,22,0.695701
4009,-18,-0.56921
4010,-16,-0.505964
4011,-20,-0.632456
4012,60,1.89737
4013,48,1.51789
4014,-2,-0.0632456
4015,46,1.45465
4016,-16,-0.505964
4017,-46,-1.45465
4018,58,1.83412
4019,-62,-1.96061
4020,-20,-0.632456
4021,20,0.632456
4022,8,0.252982
4023,10,0.316228
4024,14,0.442719
4025,-6,-0.189737
4026,4,0.126491
4027,-66,-2.0871
4028,-92,-2.9093
4029,-48,-1.51789
4030,-14,-0.442719
4031,-26,-0.822192
4032,0,0
4033,22,0.695701
4034,48,1.51789
4035,10,0.316228
4036,90,2.84605
4037,6,0.189737
4038,-66,-2.0871
4039,-34,-1.07517
4040,24,0.758947
4041,6,0.189737
4042,28,0.885438
4043,-34,-1.07517
4044,46,1.45465
4045,90,2.84605
4046,40,1.26491
4047,-36,-1.13842
4048,4,0.126491
4049,10,0.316228
4050,-26,-0.822192
4051,-4,-0.126491
4052,22,0.695701
4053,-10,-0.316228
4054,0,0
4055,-18,-0.56921
4056,-20,-0.632456
4057,24,0.758947
4058,22,0.695701
4059,-36,-1.13842
4060,-44,-1.3914
4061,20,0.632456
4062,20,0.632456
4063,-74,-2.34009
4064,16,0.505964
4065,72,2.27684
4066,16,0.505964
4067,26,0.822192
4068,16,0.505964
4069,-24,-0.758947
4070,28,0.885438
4071,-18,-0.56921
4072,0,0
4073,-14,-0.442719
4074,-24,-0.758947
4075,-42,-1.32816
4076,-24,-0.758947
4077,-14,-0.442719
4078,-22,-0.695701
4079,-30,-0.948683
4080,-26,-0.822192
4081,-30,-0.948683
4082,-14,-0.442719
4083,-4,-0.126491
4084,50,1.58114
4085,36,1.13842
4086,6,0.189737
4087,-8,-0.252982
4088,36,1.13842
4089,-4,-0.126491
4090,-16,-0.505964
4091,-8,-0.252982
4092,-12,-0.379473
4093,-24,-0.758947
4094,-58,-1.83412
4095,24,0.758947
4096,-16,-0.505964
4097,-28,-0.885438
4098,-6,-0.189737
4099,-42,-1.32816
4100,12,0.379473
4101,0,0
4102,16,0.505964
4103,-6,-0.189737
4104,-34,-1.07517
4105,-14,-0.442719
4106,-20,-0.632456
4107,-2,-0.0632456
4108,16,0.505964
4109,40,1.26491
4110,22,0.695701
4111,10,0.316228
4112,-24,-0.758947
4113,-56,-1.77088
4114,-64,-2.02386
4115,26,0.822192
4116,42,1.32816
4117,8,0.252982
4118,-18,-0.56921
4119,-2,-0.0632456
4120,8,0.252982
4121,34,1.07517
4122,2,0.0632456
4123,24,0.758947
4124,0,0
4125,-100,-3.16228
4126,24,0.758947
4127,16,0.505964
4128,2,0.0632456
4129,-8,-0.252982
4130,-24,-0.758947
4131,60,1.89737
4132,8,0.252982
4133,44,1.3914
4134,54,1.70763
4135,34,1.07517
4136,-10,-0.316228
4137,10,0.316228
4138,-30,-0.948683
4139,34,1.07517
4140,16,0.505964
4141,26,0.822192
4142,-38,-1.20167
4143,12,0.379473
4144,-8,-0.252982
4145,-8,-0.252982
4146,14,0.442719
4147,42,1.32816
4148,-24,-0.758947
4149,-66,-2.0871
4150,-60,-1.89737
4151,-18,-0.56921
4152,62,1.96061
4153,-4,-0.126491
4154,28,0.885438
4155,-42,-1.32816
4156,-8,-0.252982
4157,-8,-0.252982
4158,-76,-2.40333
4159,10,0.316228
4160,18,0.56921
4161,-8,-0.252982
4162,-2,-0.0632456
4163,-12,-0.379473
4164,16,0.505964
4165,-44,-1.3914
4166,-16,-0.505964
4167,-22,-0.695701
4168,8,0.252982
4169,-26,-0.822192
4170,-52,-1.64438
4171,-16,-0.505964
4172,-16,-0.505964
4173,60,1.89737
4174,-14,-0.442719
4175,-68,-2.15035
4176,4,0.126491
4177,20,0.632456
4178,22,0.695701
4179,-10,-0.316228
4180,50,1.58114
4181,0,0
4182,20,0.632456
4183,4,0.126491
4184,42,1.32816
4185,-16,-0.505964
4186,28,0.885438
4187,14,0.442719
4188,-2,-0.0632456
4189,40,1.26491
4190,16,0.505964
4191,28,0.885438
4192,2,0.0632456
4193,0,0
4194,-38,-1.20167
4195,38,1.20167
4196,22,0.695701
4197,-10,-0.316228
4198,6,0.189737
4199,-40,-1.26491
4200,-28,-0.885438
4201,-40,-1.26491
4202,-46,-1.45465
4203,-10,-0.316228
4204,-4,-0.126491
4205,24,0.758947
4206,-22,-0.695701
4207,18,0.56921
4208,-32,-1.01193
4209,18,0.56921
4210,-6,-0.189737
4211,0,0
4212,-6,-0.189737
4213,-12,-0.379473
4214,54,1.70763
4215,26,0.822192
4216,44,1.3914
4217,8,0.252982
4218,0,0
4219,42,1.32816
4220,-10,-0.316228
4221,-30,-0.948683
4222,-42,-1.32816
4223,-16,-0.505964
4224,-10,-0.316228
4225,0,0
4226,-12,-0.379473
4227,52,1.64438
4228,-42,-1.32816
4229,2,0.0632456
4230,-26,-0.822192
4231,30,0.948683
4232,14,0.442719
4233,4,0.126491
4234,14,0.442719
4235,-16,-0.505964
4236,44,1.3914
4237,-24,-0.758947
4238,-52,-1.64438
4239,-8,-0.252982
4240,28,0.885438
4241,12,0.379473
4242,-16,-0.505964
4243,42,1.32816
4244,-30,-0.948683
4245,-36,-1.13842
4246,44,1.3914
4247,-42,-1.32816
4248,6,0.189737
4249,48,1.51789
4250,24,0.758947
4251,-2,-0.0632456
4252,8,0.252982
4253,32,1.01193
4254,42,1.32816
4255,30,0.948683
4256,-30,-0.948683
4257,10,0.316228
4258,-50,-1.58114
4259,-10,-0.316228
4260,-38,-1.20167
4261,-18,-0.56921
4262,-36,-1.13842
4263,16,0.505964
4264,-36,-1.13842
4265,8,0.252982
4266,0,0
4267,-18,-0.56921
4268,12,0.379473
4269,10,0.316228
4270,-32,-1.01193
4271,-2,-0.0632456
4272,-4,-0.126491
4273,18,0.56921
4274,-30,-0.948683
4275,92,2.9093
4276,-2,-0.0632456
4277,2,0.0632456
4278,30,0.948683
4279,8,0.252982
4280,4,0.126491
4281,44,1.3914
4282,-32,-1.01193
4283,0,0
4284,-8,-0.252982
4285,-12,-0.379473
4286,84,2.65631
4287,6,0.189737
4288,-28,-0.885438
4289,-74,-2.34009
4290,-6,-0.189737
4291,28,0.885438
4292,-16,-0.505964
4293,-22,-0.695701
4294,4,0.126491
4295,-26,-0.822192
4296,6,0.189737
4297,26,0.822192
4298,-8,-0.252982
4299,32,1.01193
4300,38,1.20167
4301,28,0.885438
4302,20,0.632456
4303,4,0.126491
4304,-64,-2.02386
4305,4,0.126491
4306,16,0.505964
4307,8,0.252982
4308,12,0.379473
4309,-36,-1.13842
4310,-24,-0.758947
4311,-26,-0.822192
4312,-38,-1.20167
4313,24,0.758947
4314,-40,-1.26491
4315,-48,-1.51789
4316,-12,-0.379473
4317,-30,-0.948683
4318,-22,-0.695701
4319,4,0.126491
4320,-70,-2.21359
4321,-34,-1.07517
4322,52,1.64438
4323,12,0.379473
4324,44,1.3914
4325,38,1.20167
4326,-20,-0.632456
4327,44,1.3914
4328,-48,-1.51789
4329,62,1.96061
4330,26,0.822192
4331,-10,-0.316228
4332,-2,-0.0632456
4333,0,0
4334,12,0.379473
4335,42,1.32816
4336,48,1.51789
4337,-8,-0.252982
4338,16,0.505964
4339,8,0.252982
4340,44,1.3914
4341,-54,-1.70763
4342,30,0.948683
4343,-20,-0.632456
4344,10,0.316228
4345,-32,-1.01193
4346,22,0.695701
4347,38,1.20167
4348,20,0.632456
4349,-12,-0.379473
4350,-18,-0.56921
4351,-28,-0.885438
4352,-2,-0.0632456
4353,30,0.948683
4354,42,1.32816
4355,-28,-0.885438
4356,-10,-0.316228
4357,-2,-0.0632456
4358,18,0.56921
4359,0,0
4360,-36,-1.13842
4361,-20,-0.632456
4362,-10,-0.316228
4363,-56,-1.77088
4364,-4,-0.126491
4365,-126,-3.98447
4366,12,0.379473
4367,20,0.632456
4368,30,0.948683
4369,-2,-0.0632456
4370,-54,-1.70763
4371,-6,-0.189737
4372,14,0.442719
4373,-32,-1.01193
4374,36,1.13842
4375,-14,-0.442719
4376,-14,-0.442719
4377,-16,-0.505964
4378,34,1.07517
4379,22,0.695701
4380,-22,-0.695701
4381,2,0.0632456
4382,20,0.632456
4383,22,0.695701
4384,-40,-1.26491
4385,52,1.64438
4386,16,0.505964
4387,-8,-0.252982
4388,34,1.07517
4389,40,1.26491
4390,-16,-0.505964
4391,12,0.379473
4392,-40,-1.26491
4393,48,1.51789
4394,-42,-1.32816
4395,-28,-0.885438
4396,0,0
4397,-20,-0.632456
4398,-14,-0.442719
4399,-32,-1.01193
4400,4,0.126491
4401,52,1.64438
4402,14,0.442719
4403,-32,-1.01193
4404,-18,-0.56921
4405,44,1.3914
4406,32,1.01193
4407,60,1.89737
4408,-6,-0.189737
4409,48,1.51789
4410,-10,-0.316228
4411,26,0.822192
4412,-26,-0.822192
4413,6,0.189737
4414,6,0.189737
4415,-20,-0.632456
4416,-2,-0.0632456
4417,8,0.252982
4418,-28,-0.885438
4419,-30,-0.948683
4420,14,0.442719
4421,-8,-0.252982
4422,72,2.27684
4423,72,2.27684
4424,-24,-0.758947
4425,20,0.632456
4426,-38,-1.20167
4427,24,0.758947
4428,40,1.26491
4429,-22,-0.695701
4430,24,0.758947
4431,10,0.316228
4432,2,0.0632456
4433,22,0.695701
4434,-26,-0.822192
4435,-8,-0.252982
4436,-18,-0.56921
4437,6,0.189737
4438,20,0.632456
4439,-80,-2.52982
4440,10,0.316228
4441,-16,-0.505964
4442,14,0.442719
4443,10,0.316228
4444,50,1.58114
4445,90,2.84605
4446,42,1.32816
4447,8,0.252982
4448,8,0.252982
4449,-48,-1.51789
4450,-40,-1.26491
4451,6,0.189737
4452,10,0.316228
4453,4,0.126491
4454,6,0.189737
4455,-18,-0.56921
4456,2,0.0632456
4457,-20,-0.632456
4458,-16,-0.505964
4459,-18,-0.56921
4460,-74,-2.34009
4461,-36,-1.13842
4462,4,0.126491
4463,28,0.885438
4464,18,0.56921
4465,12,0.379473
4466,-34,-1.07517
4467,-30,-0.948683
4468,16,0.505964
4469,2,0.0632456
4470,-10,-0.316228
4471,26,0.822192
4472,-6,-0.189737
4473,28,0.885438
4474,38,1.20167
4475,-24,-0.758947
4476,6,0.189737
4477,-4,-0.126491
4478,4,0.126491
4479,24,0.758947
4480,6,0.189737
4481,12,0.379473
4482,-34,-1.07517
4483,6,0.189737
4484,-36,-1.13842
4485,-56,-1.77088
4486,36,1.13842
4487,-24,-0.758947
4488,-8,-0.252982
4489,48,1.51789
4490,36,1.13842
4491,6,0.189737
4492,-36,-1.13842
4493,4,0.126491
4494,14,0.442719
4495,10,0.316228
4496,-38,-1.20167
4497,-24,-0.758947
4498,-62,-1.96061
4499,0,0
4500,-10,-0.316228
4501,8,0.252982
4502,-48,-1.51789
4503,-22,-0.695701
4504,38,1.20167
4505,24,0.758947
4506,-36,-1.13842
4507,-24,-0.758947
4508,18,0.56921
4509,-12,-0.379473
4510,-56,-1.77088
4511,-10,-0.316228
4512,18,0.56921
4513,26,0.822192
4514,-30,-0.948683
4515,-10,-0.316228
4516,-24,-0.758947
4517,16,0.505964
4518,-58,-1.83412
4519,18,0.56921
4520,16,0.505964
4521,-8,-0.252982
4522,22,0.695701
4523,-66,-2.0871
4524,22,0.695701
4525,-58,-1.83412
4526,-32,-1.01193
4527,-8,-0.252982
4528,62,1.96061
4529,16,0.505964
4530,-36,-1.13842
4531,-12,-0.379473
4532,14,0.442719
4533,-22,-0.695701
4534,14,0.442719
4535,32,1.01193
4536,-4,-0.126491
4537,-2,-0.0632456
4538,-34,-1.07517
4539,16,0.505964
4540,-6,-0.189737
4541,-6,-0.189737
4542,20,0.632456
4543,-4,-0.126491
4544,-10,-0.316228
4545,46,1.45465
4546,-8,-0.252982
4547,72,2.27684
4548,-4,-0.126491
4549,44,1.3914
4550,12,0.379473
4551,-10,-0.316228
4552,0,0
4553,-24,-0.758947
4554,20,0.632456
4555,2,0.0632456
4556,-36,-1.13842
4557,-6,-0.189737
4558,-12,-0.379473
4559,2,0.0632456
4560,-20,-0.632456
4561,-62,-1.96061
4562,58,1.83412
4563,52,1.64438
4564,4,0.126491
4565,10,0.316228
4566,-32,-1.01193
4567,-14,-0.442719
4568,40,1.26491
4569,48,1.51789
4570,4,0.126491
4571,18,0.56921
4572,-22,-0.695701
4573,-38,-1.20167
4574,-2,-0.0632456
4575,4,0.126491
4576,2,0.0632456
4577,-8,-0.252982
4578,-30,-0.948683
4579,10,0.316228
4580,48,1.51789
4581,-2,-0.0632456
4582,16,0.505964
4583,-8,-0.252982
4584,-10,-0.316228
4585,-42,-1.32816
4586,8,0.252982
4587,10,0.316228
4588,-22,-0.695701
4589,24,0.758947
4590,-10,-0.316228
4591,34,1.07517
4592,-26,-0.822192
4593,-20,-0.632456
4594,46,1.45465
4595,8,0.252982
4596,22,0.695701
4597,10,0.316228
4598,-4,-0.126491
4599,-44,-1.3914
4600,-16,-0.505964
4601,28,0.885438
4602,40,1.26491
4603,10,0.316228
4604,26,0.822192
4605,-14,-0.442719
4606,12,0.379473
4607,22,0.695701
4608,40,1.26491
4609,6,0.189737
4610,48,1.51789
4611,-64,-2.02386
4612,20,0.632456
4613,12,0.379473
4614,-36,-1.13842
4615,-8,-0.252982
4616,52,1.64438
4617,24,0.758947
4618,16,0.505964
4619,42,1.32816
4620,-22,-0.695701
4621,-22,-0.695701
4622,12,0.379473
4623,70,2.21359
4624,-16,-0.505964
4625,-36,-1.13842
4626,24,0.758947
4627,10,0.316228
4628,-36,-1.13842
4629,18,0.56921
4630,30,0.948683
4631,-14,-0.442719
4632,-30,-0.948683
4633,-58,-1.83412
4634,38,1.20167
4635,34,1.07517
4636,90,2.84605
4637,-2,-0.0632456
4638,26,0.822192
4639,-14,-0.442719
4640,-6,-0.189737
4641,22,0.695701
4642,6,0.189737
4643,-10,-0.316228
4644,0,0
4645,-16,-0.505964
4646,-56,-1.77088
4647,52,1.64438
4648,18,0.56921
4649,-34,-1.07517
4650,2,0.0632456
4651,-24,-0.758947
4652,36,1.13842
4653,6,0.189737
4654,42,1.32816
4655,20,0.632456
4656,-20,-0.632456
4657,60,1.89737
4658,14,0.442719
4659,-12,-0.379473
4660,10,0.316228
4661,-14,-0.442719
4662,72,2.27684
4663,52,1.64438
4664,-6,-0.189737
4665,-20,-0.632456
4666,52,1.64438
4667,2,0.0632456
4668,-56,-1.77088
4669,-40,-1.26491
4670,48,1.51789
4671,-54,-1.70763
4672,-22,-0.695701
4673,54,1.70763
4674,30,0.948683
4675,14,0.442719
4676,-28,-0.885438
4677,0,0
4678,-40,-1.26491
4679,-38,-1.20167
4680,-2,-0.0632456
4681,12,0.379473
4682,52,1.64438
4683,8,0.252982
4684,-8,-0.252982
4685,-82,-2.59307
4686,-10,-0.316228
4687,52,1.64438
4688,-32,-1.01193
4689,-2,-0.0632456
4690,-8,-0.252982
4691,-66,-2.0871
4692,-20,-0.632456
4693,36,1.13842
4694,8,0.252982
4695,16,0.505964
4696,4,0.126491
4697,42,1.32816
4698,-6,-0.189737
4699,-26,-0.822192
4700,56,1.77088
4701,40,1.26491
4702,-34,-1.07517
4703,4,0.126491
4704,-12,-0.379473
4705,-12,-0.379473
4706,42,1.32816
4707,-46,-1.45465
4708,-14,-0.442719
4709,56,1.77088
4710,-22,-0.695701
4711,8,0.252982
4712,-36,-1.13842
4713,0,0
4714,-86,-2.71956
4715,-16,-0.505964
4716,38,1.20167
4717,-36,-1.13842
4718,-44,-1.3914
4719,4,0.126491
4720,18,0.56921
4721,6,0.189737
4722,-24,-0.758947
4723,30,0.948683
4724,-20,-0.632456
4725,72,2.27684
4726,-52,-1.64438
4727,-42,-1.32816
4728,0,0
4729,-10,-0.316228
4730,-14,-0.442719
4731,22,0.695701
4732,20,0.632456
4733,84,2.65631
4734,-58,-1.83412
4735,-22,-0.695701
4736,12,0.379473
4737,-46,-1.45465
4738,12,0.379473
4739,-8,-0.252982
4740,-30,-0.948683
4741,-22,-0.695701
4742,26,0.822192
4743,10,0.316228
4744,-2,-0.0632456
4745,-26,-0.822192
4746,-66,-2.0871
4747,-84,-2.65631
4748,0,0
4749,0,0
4750,-56,-1.77088
4751,-10,-0.316228
4752,-6,-0.189737
4753,-82,-2.59307
4754,-10,-0.316228
4755,32,1.01193
4756,-8,-0.252982
4757,-2,-0.0632456
4758,-6,-0.189737
4759,-26,-0.822192
4760,12,0.379473
4761,-62,-1.96061
4762,-30,-0.948683
4763,-26,-0.822192
4764,44,1.3914
4765,26,0.822192
4766,-10,-0.316228
4767,-18,-0.56921
4768,-36,-1.13842
4769,-44,-1.3914
4770,26,0.822192
4771,-20,-0.632456
4772,16,0.505964
4773,-2,-0.0632456
4774,16,0.505964
4775,34,1.07517
4776,-10,-0.316228
4777,20,0.632456
4778,10,0.316228
4779,16,0.505964
4780,12,0.379473
4781,56,1.77088
4782,-48,-1.51789
4783,-48,-1.51789
4784,-26,-0.822192
4785,18,0.56921
4786,-6,-0.189737
4787,-14,-0.442719
4788,-34,-1.07517
4789,20,0.632456
4790,-4,-0.126491
4791,-34,-1.07517
4792,-8,-0.252982
4793,12,0.379473
4794,4,0.126491
4795,-52,-1.64438
4796,-40,-1.26491
4797,-38,-1.20167
4798,24,0.758947
4799,14,0.442719
4800,-34,-1.07517
4801,46,1.45465
4802,-36,-1.13842
4803,-48,-1.51789
4804,-20,-0.632456
4805,18,0.56921
4806,-28,-0.885438
4807,2,0.0632456
4808,8,0.252982
4809,-28,-0.885438
4810,32,1.01193
4811,-16,-0.505964
4812,14,0.442719
4813,-16,-0.505964
4814,2,0.0632456
4815,6,0.189737
4816,-14,-0.442719
4817,-2,-0.0632456
4818,0,0
4819,-30,-0.948683
4820,24,0.758947
4821,22,0.695701
4822,26,0.822192
4823,14,0.442719
4824,28,0.885438
4825,-14,-0.442719
4826,-58,-1.83412
4827,16,0.505964
4828,-48,-1.51789
4829,-6,-0.189737
4830,26,0.822192
4831,0,0
4832,0,0
4833,28,0.885438
4834,18,0.56921
4835,-16,-0.505964
4836,32,1.01193
4837,-20,-0.632456
4838,-10,-0.316228
4839,-68,-2.15035
4840,-12,-0.379473
4841,-10,-0.316228
4842,24,0.758947
4843,10,0.316228
4844,8,0.252982
4845,-28,-0.885438
4846,-56,-1.77088
4847,-42,-1.32816
4848,-22,-0.695701
4849,64,2.02386
4850,16,0.505964
4851,22,0.695701
4852,-26,-0.822192
4853,-16,-0.505964
4854,-12,-0.379473
4855,-22,-0.695701
4856,-8,-0.252982
4857,-12,-0.379473
4858,22,0.695701
4859,-30,-0.948683
4860,-44,-1.3914
4861,-64,-2.02386
4862,28,0.885438
4863,8,0.252982
4864,52,1.64438
4865,-22,-0.695701
4866,-20,-0.632456
4867,52,1.64438
4868,10,0.316228
4869,-4,-0.126491
4870,-30,-0.948683
4871,-2,-0.0632456
4872,10,0.316228
4873,-20,-0.632456
4874,-36,-1.13842
4875,48,1.51789
4876,38,1.20167
4877,26,0.822192
4878,-22,-0.695701
4879,22,0.695701
4880,30,0.948683
4881,-6,-0.189737
4882,-24,-0.758947
4883,30,0.948683
4884,42,1.32816
4885,-18,-0.56921
4886,-26,-0.822192
4887,-12,-0.379473
4888,28,0.885438
4889,0,0
4890,30,0.948683
4891,16,0.505964
4892,-16,-0.505964
4893,-16,-0.505964
4894,-48,-1.51789
4895,66,2.0871
4896,-6,-0.189737
4897,16,0.505964
4898,-44,-1.3914
4899,-16,-0.505964
4900,40,1.26491
4901,18,0.56921
4902,88,2.7828
4903,2,0.0632456
4904,-12,-0.379473
4905,8,0.252982
4906,-8,-0.252982
4907,24,0.758947
4908,10,0.316228
4909,0,0
4910,8,0.252982
4911,2,0.0632456
4912,26,0.822192
4913,24,0.758947
4914,44,1.3914
4915,20,0.632456
4916,-40,-1.26491
4917,2,0.0632456
4918,-64,-2.02386
4919,-6,-0.189737
4920,-6,-0.189737
4921,-30,-0.948683
4922,8,0.252982
4923,56,1.77088
4924,-2,-0.0632456
4925,10,0.316228
4926,14,0.442719
4927,18,0.56921
4928,68,2.15035
4929,28,0.885438
4930,-16,-0.505964
4931,16,0.505964
4932,-42,-1.32816
4933,-12,-0.379473
4934,12,0.379473
4935,16,0.505964
4936,28,0.885438
4937,42,1.32816
4938,-4,-0.126491
4939,30,0.948683
4940,26,0.822192
4941,-18,-0.56921
4942,12,0.379473
4943,38,1.20167
4944,42,1.32816
4945,18,0.56921
4946,12,0.379473
4947,-4,-0.126491
4948,0,0
4949,48,1.51789
4950,8,0.252982
4951,66,2.0871
4952,38,1.20167
4953,34,1.07517
4954,56,1.77088
4955,12,0.379473
4956,-10,-0.316228
4957,0,0
4958,-74,-2.34009
4959,28,0.885438
4960,6,0.189737
4961,40,1.26491
4962,-14,-0.442719
4963,-4,-0.126491
4964,44,1.3914
4965,14,0.442719
4966,40,1.26491
4967,-62,-1.96061
4968,-42,-1.32816
4969,54,1.70763
4970,-16,-0.505964
4971,-14,-0.442719
4972,-22,-0.695701
4973,2,0.0632456
4974,32,1.01193
4975,-16,-0.505964
4976,-26,-0.822192
4977,20,0.632456
4978,52,1.64438
4979,-26,-0.822192
4980,-32,-1.01193
4981,-30,-0.948683
4982,-8,-0.252982
4983,-96,-3.03579
4984,-2,-0.0632456
4985,22,0.695701
4986,-26,-0.822192
4987,-10,-0.316228
4988,-38,-1.20167
4989,-4,-0.126491
4990,-16,-0.505964
4991,-18,-0.56921
4992,-18,-0.56921
4993,-26,-0.822192
4994,-14,-0.442719
4995,-46,-1.45465
4996,0,0
4997,-16,-0.505964
4998,12,0.379473
4999,16,0.505964
